-- CMake version: 3.25.1
-- The CXX compiler identification is GNU 14.2.0
-- Detecting CXX compiler ABI info
-- Detecting CXX compiler ABI info - done
-- Check for working CXX compiler: /usr/local/bin/c++ - skipped
-- Detecting CXX compile features
-- Detecting CXX compile features - done
-- Version: 10.1.1
-- Build type: Release
-- Target 'doc' disabled (requires doxygen)
-- Performing Test CMAKE_HAVE_LIBC_PTHREAD
-- Performing Test CMAKE_HAVE_LIBC_PTHREAD - Success
-- Found Threads: TRUE  
-- Looking for strptime
-- Looking for strptime - found
-- FMT_PEDANTIC: OFF
-- Configuring done
-- Generating done
-- Build files have been written to: /home/fmt/build
[  1%] Building CXX object CMakeFiles/fmt.dir/src/format.cc.o
[  2%] Building CXX object CMakeFiles/fmt.dir/src/os.cc.o
[  4%] Linking CXX static library libfmt.a
[  4%] Built target fmt
[  5%] Building CXX object test/gtest/CMakeFiles/gtest.dir/gmock-gtest-all.cc.o
[  7%] Linking CXX static library libgtest.a
[  7%] Built target gtest
[  8%] Building CXX object test/CMakeFiles/test-main.dir/test-main.cc.o
[ 10%] Building CXX object test/CMakeFiles/test-main.dir/gtest-extra.cc.o
[ 11%] Building CXX object test/CMakeFiles/test-main.dir/util.cc.o
[ 13%] Linking CXX static library libtest-main.a
[ 13%] Built target test-main
[ 14%] Building CXX object test/CMakeFiles/args-test.dir/args-test.cc.o
[ 16%] Linking CXX executable ../bin/args-test
[ 16%] Built target args-test
[ 17%] Building CXX object test/CMakeFiles/assert-test.dir/assert-test.cc.o
[ 19%] Linking CXX executable ../bin/assert-test
[ 19%] Built target assert-test
[ 20%] Building CXX object test/CMakeFiles/chrono-test.dir/chrono-test.cc.o
In file included from /home/fmt/test/chrono-test.cc:8:
/home/fmt/include/fmt/chrono.h: In member function ‘decltype (ctx.out()) fmt::v10::formatter<std::chrono::time_point<std::chrono::_V2::system_clock, Duration>, Char>::format(std::chrono::time_point<std::chrono::_V2::system_clock, Duration>, FormatContext&) const’:
/home/fmt/include/fmt/chrono.h:2086:19: error: ‘to_time_t’ is not a member of ‘fmt::v10::detail’
 2086 |           detail::to_time_t(std::chrono::duration_cast<Duration>(epoch));
      |                   ^~~~~~~~~
/home/fmt/include/fmt/chrono.h:2100:17: error: no matching function for call to ‘gmtime(std::chrono::seconds)’
 2100 |           gmtime(std::chrono::seconds(seconds)), ctx,
      |           ~~~~~~^~~~~~~~~~~~~~~~~~~~~~~~~~~~~~~
/home/fmt/include/fmt/chrono.h:491:16: note: candidate: ‘tm fmt::v10::gmtime(time_t)’
  491 | inline std::tm gmtime(std::time_t time) {
      |                ^~~~~~
/home/fmt/include/fmt/chrono.h:491:35: note:   no known conversion for argument 1 from ‘std::chrono::seconds’ {aka ‘std::chrono::duration<long int>’} to ‘time_t’ {aka ‘long int’}
  491 | inline std::tm gmtime(std::time_t time) {
      |                       ~~~~~~~~~~~~^~~~
/home/fmt/include/fmt/chrono.h:526:16: note: candidate: ‘tm fmt::v10::gmtime(std::chrono::time_point<std::chrono::_V2::system_clock, std::chrono::duration<long int, std::ratio<1, 1000000000> > >)’
  526 | inline std::tm gmtime(
      |                ^~~~~~
/home/fmt/include/fmt/chrono.h:527:56: note:   no known conversion for argument 1 from ‘std::chrono::seconds’ {aka ‘std::chrono::duration<long int>’} to ‘std::chrono::time_point<std::chrono::_V2::system_clock, std::chrono::duration<long int, std::ratio<1, 1000000000> > >’
  527 |     std::chrono::time_point<std::chrono::system_clock> time_point) {
      |     ~~~~~~~~~~~~~~~~~~~~~~~~~~~~~~~~~~~~~~~~~~~~~~~~~~~^~~~~~~~~~
In file included from /usr/local/include/c++/14.2.0/ctime:42,
                 from /usr/local/include/c++/14.2.0/bits/chrono.h:40,
                 from /usr/local/include/c++/14.2.0/chrono:41,
                 from /home/fmt/include/fmt/chrono.h:12:
/usr/include/time.h:132:19: note: candidate: ‘tm* gmtime(const time_t*)’
  132 | extern struct tm *gmtime (const time_t *__timer) __THROW;
      |                   ^~~~~~
/usr/include/time.h:132:41: note:   no known conversion for argument 1 from ‘std::chrono::seconds’ {aka ‘std::chrono::duration<long int>’} to ‘const time_t*’ {aka ‘const long int*’}
  132 | extern struct tm *gmtime (const time_t *__timer) __THROW;
      |                           ~~~~~~~~~~~~~~^~~~~~~
/home/fmt/include/fmt/chrono.h:2105:17: error: ‘to_time_t’ is not a member of ‘fmt::v10::detail’
 2105 |         detail::to_time_t(std::chrono::duration_cast<Duration>(epoch));
      |                 ^~~~~~~~~
/home/fmt/include/fmt/chrono.h:2105:64: error: ‘epoch’ was not declared in this scope
 2105 |         detail::to_time_t(std::chrono::duration_cast<Duration>(epoch));
      |                                                                ^~~~~
/home/fmt/include/fmt/chrono.h:2107:15: error: no matching function for call to ‘gmtime(std::chrono::seconds)’
 2107 |         gmtime(std::chrono::seconds(seconds)), ctx);
      |         ~~~~~~^~~~~~~~~~~~~~~~~~~~~~~~~~~~~~~
/home/fmt/include/fmt/chrono.h:491:16: note: candidate: ‘tm fmt::v10::gmtime(time_t)’
  491 | inline std::tm gmtime(std::time_t time) {
      |                ^~~~~~
/home/fmt/include/fmt/chrono.h:491:35: note:   no known conversion for argument 1 from ‘std::chrono::seconds’ {aka ‘std::chrono::duration<long int>’} to ‘time_t’ {aka ‘long int’}
  491 | inline std::tm gmtime(std::time_t time) {
      |                       ~~~~~~~~~~~~^~~~
/home/fmt/include/fmt/chrono.h:526:16: note: candidate: ‘tm fmt::v10::gmtime(std::chrono::time_point<std::chrono::_V2::system_clock, std::chrono::duration<long int, std::ratio<1, 1000000000> > >)’
  526 | inline std::tm gmtime(
      |                ^~~~~~
/home/fmt/include/fmt/chrono.h:527:56: note:   no known conversion for argument 1 from ‘std::chrono::seconds’ {aka ‘std::chrono::duration<long int>’} to ‘std::chrono::time_point<std::chrono::_V2::system_clock, std::chrono::duration<long int, std::ratio<1, 1000000000> > >’
  527 |     std::chrono::time_point<std::chrono::system_clock> time_point) {
      |     ~~~~~~~~~~~~~~~~~~~~~~~~~~~~~~~~~~~~~~~~~~~~~~~~~~~^~~~~~~~~~
/usr/include/time.h:132:19: note: candidate: ‘tm* gmtime(const time_t*)’
  132 | extern struct tm *gmtime (const time_t *__timer) __THROW;
      |                   ^~~~~~
/usr/include/time.h:132:41: note:   no known conversion for argument 1 from ‘std::chrono::seconds’ {aka ‘std::chrono::duration<long int>’} to ‘const time_t*’ {aka ‘const long int*’}
  132 | extern struct tm *gmtime (const time_t *__timer) __THROW;
      |                           ~~~~~~~~~~~~~~^~~~~~~
/home/fmt/include/fmt/chrono.h: In instantiation of ‘OutputIt fmt::v10::detail::format_duration_unit(OutputIt) [with Char = char; Period = std::ratio<1>; OutputIt = std::back_insert_iterator<fmt::v10::basic_memory_buffer<char> >]’:
/home/fmt/include/fmt/chrono.h:2056:49:   required from ‘decltype (ctx.out()) fmt::v10::formatter<std::chrono::duration<_Rep1, _Period1>, Char>::format(std::chrono::duration<_Rep1, _Period1>, FormatContext&) const [with FormatContext = fmt::v10::basic_format_context<fmt::v10::appender, char>; Rep = long int; Period = std::ratio<1>; Char = char; decltype (ctx.out()) = fmt::v10::appender]’
 2056 |       detail::format_duration_unit<Char, Period>(out);
      |       ~~~~~~~~~~~~~~~~~~~~~~~~~~~~~~~~~~~~~~~~~~^~~~~
/home/fmt/include/fmt/core.h:1322:28:   required from ‘static void fmt::v10::detail::value<Context>::format_custom_arg(void*, typename Context::parse_context_type&, Context&) [with T = std::chrono::duration<long int>; Formatter = fmt::v10::formatter<std::chrono::duration<long int>, char, void>; Context = fmt::v10::basic_format_context<fmt::v10::appender, char>; typename Context::parse_context_type = fmt::v10::basic_format_parse_context<char>]’
 1322 |     ctx.advance_to(f.format(*static_cast<qualified_type*>(arg), ctx));
      |                    ~~~~~~~~^~~~~~~~~~~~~~~~~~~~~~~~~~~~~~~~~~~~~~~~~
/home/fmt/include/fmt/core.h:1304:19:   required from ‘fmt::v10::detail::value<Context>::value(T&) [with T = std::chrono::duration<long int>; Context = fmt::v10::basic_format_context<fmt::v10::appender, char>]’
 1304 |     custom.format = format_custom_arg<
      |     ~~~~~~~~~~~~~~^~~~~~~~~~~~~~~~~~~~
 1305 |         value_type, typename Context::template formatter_type<value_type>>;
      |         ~~~~~~~~~~~~~~~~~~~~~~~~~~~~~~~~~~~~~~~~~~~~~~~~~~~~~~~~~~~~~~~~~~
/home/fmt/include/fmt/core.h:1599:41:   required from ‘constexpr fmt::v10::detail::value<Context> fmt::v10::detail::make_arg(T&) [with bool PACKED = true; Context = fmt::v10::basic_format_context<fmt::v10::appender, char>; T = std::chrono::duration<long int>; typename std::enable_if<PACKED, int>::type <anonymous> = 0]’
 1599 |   return {arg_mapper<Context>().map(val)};
      |                                         ^
/home/fmt/include/fmt/core.h:1824:51:   required from ‘constexpr fmt::v10::format_arg_store<Context, Args>::format_arg_store(T& ...) [with T = {std::chrono::duration<long int, std::ratio<1, 1> >}; Context = fmt::v10::basic_format_context<fmt::v10::appender, char>; Args = {std::chrono::duration<long int, std::ratio<1, 1> >}]’
 1824 |         data_{detail::make_arg<is_packed, Context>(args)...} {
      |               ~~~~~~~~~~~~~~~~~~~~~~~~~~~~~~~~~~~~^~~~~~
/home/fmt/include/fmt/core.h:1842:18:   required from ‘std::string fmt::v10::format(format_string<T ...>, T&& ...) [with T = {std::chrono::duration<long int, std::ratio<1, 1> >}; std::string = std::__cxx11::basic_string<char>; format_string<T ...> = basic_format_string<char, std::chrono::duration<long int, std::ratio<1, 1> > >]’
 1842 |   return {args...};
      |                  ^
/home/fmt/test/chrono-test.cc:426:3:   required from here
  426 |   EXPECT_EQ("42s", fmt::format("{}", std::chrono::seconds(42)));
      |                    ~~~~~~~~~~~^~~~~~~~~~~~~~~~~~~~~~~~~~~~~~~~
/home/fmt/include/fmt/chrono.h:1688:19: error: cannot resolve overloaded function ‘get_units’ based on conversion to type ‘const char*’
 1688 |   if (const char* unit = get_units<Period>)
      |                   ^~~~
/home/fmt/include/fmt/chrono.h: In instantiation of ‘OutputIt fmt::v10::detail::format_duration_unit(OutputIt) [with Char = char; Period = std::ratio<1, 1000000000000000000>; OutputIt = std::back_insert_iterator<fmt::v10::basic_memory_buffer<char> >]’:
/home/fmt/include/fmt/chrono.h:2056:49:   required from ‘decltype (ctx.out()) fmt::v10::formatter<std::chrono::duration<_Rep1, _Period1>, Char>::format(std::chrono::duration<_Rep1, _Period1>, FormatContext&) const [with FormatContext = fmt::v10::basic_format_context<fmt::v10::appender, char>; Rep = int; Period = std::ratio<1, 1000000000000000000>; Char = char; decltype (ctx.out()) = fmt::v10::appender]’
 2056 |       detail::format_duration_unit<Char, Period>(out);
      |       ~~~~~~~~~~~~~~~~~~~~~~~~~~~~~~~~~~~~~~~~~~^~~~~
/home/fmt/include/fmt/core.h:1322:28:   required from ‘static void fmt::v10::detail::value<Context>::format_custom_arg(void*, typename Context::parse_context_type&, Context&) [with T = std::chrono::duration<int, std::ratio<1, 1000000000000000000> >; Formatter = fmt::v10::formatter<std::chrono::duration<int, std::ratio<1, 1000000000000000000> >, char, void>; Context = fmt::v10::basic_format_context<fmt::v10::appender, char>; typename Context::parse_context_type = fmt::v10::basic_format_parse_context<char>]’
 1322 |     ctx.advance_to(f.format(*static_cast<qualified_type*>(arg), ctx));
      |                    ~~~~~~~~^~~~~~~~~~~~~~~~~~~~~~~~~~~~~~~~~~~~~~~~~
/home/fmt/include/fmt/core.h:1304:19:   required from ‘fmt::v10::detail::value<Context>::value(T&) [with T = std::chrono::duration<int, std::ratio<1, 1000000000000000000> >; Context = fmt::v10::basic_format_context<fmt::v10::appender, char>]’
 1304 |     custom.format = format_custom_arg<
      |     ~~~~~~~~~~~~~~^~~~~~~~~~~~~~~~~~~~
 1305 |         value_type, typename Context::template formatter_type<value_type>>;
      |         ~~~~~~~~~~~~~~~~~~~~~~~~~~~~~~~~~~~~~~~~~~~~~~~~~~~~~~~~~~~~~~~~~~
/home/fmt/include/fmt/core.h:1599:41:   required from ‘constexpr fmt::v10::detail::value<Context> fmt::v10::detail::make_arg(T&) [with bool PACKED = true; Context = fmt::v10::basic_format_context<fmt::v10::appender, char>; T = std::chrono::duration<int, std::ratio<1, 1000000000000000000> >; typename std::enable_if<PACKED, int>::type <anonymous> = 0]’
 1599 |   return {arg_mapper<Context>().map(val)};
      |                                         ^
/home/fmt/include/fmt/core.h:1824:51:   required from ‘constexpr fmt::v10::format_arg_store<Context, Args>::format_arg_store(T& ...) [with T = {std::chrono::duration<int, std::ratio<1, 1000000000000000000> >}; Context = fmt::v10::basic_format_context<fmt::v10::appender, char>; Args = {std::chrono::duration<int, std::ratio<1, 1000000000000000000> >}]’
 1824 |         data_{detail::make_arg<is_packed, Context>(args)...} {
      |               ~~~~~~~~~~~~~~~~~~~~~~~~~~~~~~~~~~~~^~~~~~
/home/fmt/include/fmt/core.h:1842:18:   required from ‘std::string fmt::v10::format(format_string<T ...>, T&& ...) [with T = {std::chrono::duration<int, std::ratio<1, 1000000000000000000> >}; std::string = std::__cxx11::basic_string<char>; format_string<T ...> = basic_format_string<char, std::chrono::duration<int, std::ratio<1, 1000000000000000000> > >]’
 1842 |   return {args...};
      |                  ^
/home/fmt/test/chrono-test.cc:427:3:   required from here
  428 |             fmt::format("{}", std::chrono::duration<int, std::atto>(42)));
      |             ~~~~~~~~~~~^~~~~~~~~~~~~~~~~~~~~~~~~~~~~~~~~~~~~~~~~~~~~~~~~
/home/fmt/include/fmt/chrono.h:1688:19: error: cannot resolve overloaded function ‘get_units’ based on conversion to type ‘const char*’
 1688 |   if (const char* unit = get_units<Period>)
      |                   ^~~~
/home/fmt/include/fmt/chrono.h: In instantiation of ‘OutputIt fmt::v10::detail::format_duration_unit(OutputIt) [with Char = char; Period = std::ratio<1, 1000000000000000>; OutputIt = std::back_insert_iterator<fmt::v10::basic_memory_buffer<char> >]’:
/home/fmt/include/fmt/chrono.h:2056:49:   required from ‘decltype (ctx.out()) fmt::v10::formatter<std::chrono::duration<_Rep1, _Period1>, Char>::format(std::chrono::duration<_Rep1, _Period1>, FormatContext&) const [with FormatContext = fmt::v10::basic_format_context<fmt::v10::appender, char>; Rep = int; Period = std::ratio<1, 1000000000000000>; Char = char; decltype (ctx.out()) = fmt::v10::appender]’
 2056 |       detail::format_duration_unit<Char, Period>(out);
      |       ~~~~~~~~~~~~~~~~~~~~~~~~~~~~~~~~~~~~~~~~~~^~~~~
/home/fmt/include/fmt/core.h:1322:28:   required from ‘static void fmt::v10::detail::value<Context>::format_custom_arg(void*, typename Context::parse_context_type&, Context&) [with T = std::chrono::duration<int, std::ratio<1, 1000000000000000> >; Formatter = fmt::v10::formatter<std::chrono::duration<int, std::ratio<1, 1000000000000000> >, char, void>; Context = fmt::v10::basic_format_context<fmt::v10::appender, char>; typename Context::parse_context_type = fmt::v10::basic_format_parse_context<char>]’
 1322 |     ctx.advance_to(f.format(*static_cast<qualified_type*>(arg), ctx));
      |                    ~~~~~~~~^~~~~~~~~~~~~~~~~~~~~~~~~~~~~~~~~~~~~~~~~
/home/fmt/include/fmt/core.h:1304:19:   required from ‘fmt::v10::detail::value<Context>::value(T&) [with T = std::chrono::duration<int, std::ratio<1, 1000000000000000> >; Context = fmt::v10::basic_format_context<fmt::v10::appender, char>]’
 1304 |     custom.format = format_custom_arg<
      |     ~~~~~~~~~~~~~~^~~~~~~~~~~~~~~~~~~~
 1305 |         value_type, typename Context::template formatter_type<value_type>>;
      |         ~~~~~~~~~~~~~~~~~~~~~~~~~~~~~~~~~~~~~~~~~~~~~~~~~~~~~~~~~~~~~~~~~~
/home/fmt/include/fmt/core.h:1599:41:   required from ‘constexpr fmt::v10::detail::value<Context> fmt::v10::detail::make_arg(T&) [with bool PACKED = true; Context = fmt::v10::basic_format_context<fmt::v10::appender, char>; T = std::chrono::duration<int, std::ratio<1, 1000000000000000> >; typename std::enable_if<PACKED, int>::type <anonymous> = 0]’
 1599 |   return {arg_mapper<Context>().map(val)};
      |                                         ^
/home/fmt/include/fmt/core.h:1824:51:   required from ‘constexpr fmt::v10::format_arg_store<Context, Args>::format_arg_store(T& ...) [with T = {std::chrono::duration<int, std::ratio<1, 1000000000000000> >}; Context = fmt::v10::basic_format_context<fmt::v10::appender, char>; Args = {std::chrono::duration<int, std::ratio<1, 1000000000000000> >}]’
 1824 |         data_{detail::make_arg<is_packed, Context>(args)...} {
      |               ~~~~~~~~~~~~~~~~~~~~~~~~~~~~~~~~~~~~^~~~~~
/home/fmt/include/fmt/core.h:1842:18:   required from ‘std::string fmt::v10::format(format_string<T ...>, T&& ...) [with T = {std::chrono::duration<int, std::ratio<1, 1000000000000000> >}; std::string = std::__cxx11::basic_string<char>; format_string<T ...> = basic_format_string<char, std::chrono::duration<int, std::ratio<1, 1000000000000000> > >]’
 1842 |   return {args...};
      |                  ^
/home/fmt/test/chrono-test.cc:429:3:   required from here
  430 |             fmt::format("{}", std::chrono::duration<int, std::femto>(42)));
      |             ~~~~~~~~~~~^~~~~~~~~~~~~~~~~~~~~~~~~~~~~~~~~~~~~~~~~~~~~~~~~~
/home/fmt/include/fmt/chrono.h:1688:19: error: cannot resolve overloaded function ‘get_units’ based on conversion to type ‘const char*’
 1688 |   if (const char* unit = get_units<Period>)
      |                   ^~~~
/home/fmt/include/fmt/chrono.h: In instantiation of ‘OutputIt fmt::v10::detail::format_duration_unit(OutputIt) [with Char = char; Period = std::ratio<1, 1000000000000>; OutputIt = std::back_insert_iterator<fmt::v10::basic_memory_buffer<char> >]’:
/home/fmt/include/fmt/chrono.h:2056:49:   required from ‘decltype (ctx.out()) fmt::v10::formatter<std::chrono::duration<_Rep1, _Period1>, Char>::format(std::chrono::duration<_Rep1, _Period1>, FormatContext&) const [with FormatContext = fmt::v10::basic_format_context<fmt::v10::appender, char>; Rep = int; Period = std::ratio<1, 1000000000000>; Char = char; decltype (ctx.out()) = fmt::v10::appender]’
 2056 |       detail::format_duration_unit<Char, Period>(out);
      |       ~~~~~~~~~~~~~~~~~~~~~~~~~~~~~~~~~~~~~~~~~~^~~~~
/home/fmt/include/fmt/core.h:1322:28:   required from ‘static void fmt::v10::detail::value<Context>::format_custom_arg(void*, typename Context::parse_context_type&, Context&) [with T = std::chrono::duration<int, std::ratio<1, 1000000000000> >; Formatter = fmt::v10::formatter<std::chrono::duration<int, std::ratio<1, 1000000000000> >, char, void>; Context = fmt::v10::basic_format_context<fmt::v10::appender, char>; typename Context::parse_context_type = fmt::v10::basic_format_parse_context<char>]’
 1322 |     ctx.advance_to(f.format(*static_cast<qualified_type*>(arg), ctx));
      |                    ~~~~~~~~^~~~~~~~~~~~~~~~~~~~~~~~~~~~~~~~~~~~~~~~~
/home/fmt/include/fmt/core.h:1304:19:   required from ‘fmt::v10::detail::value<Context>::value(T&) [with T = std::chrono::duration<int, std::ratio<1, 1000000000000> >; Context = fmt::v10::basic_format_context<fmt::v10::appender, char>]’
 1304 |     custom.format = format_custom_arg<
      |     ~~~~~~~~~~~~~~^~~~~~~~~~~~~~~~~~~~
 1305 |         value_type, typename Context::template formatter_type<value_type>>;
      |         ~~~~~~~~~~~~~~~~~~~~~~~~~~~~~~~~~~~~~~~~~~~~~~~~~~~~~~~~~~~~~~~~~~
/home/fmt/include/fmt/core.h:1599:41:   required from ‘constexpr fmt::v10::detail::value<Context> fmt::v10::detail::make_arg(T&) [with bool PACKED = true; Context = fmt::v10::basic_format_context<fmt::v10::appender, char>; T = std::chrono::duration<int, std::ratio<1, 1000000000000> >; typename std::enable_if<PACKED, int>::type <anonymous> = 0]’
 1599 |   return {arg_mapper<Context>().map(val)};
      |                                         ^
/home/fmt/include/fmt/core.h:1824:51:   required from ‘constexpr fmt::v10::format_arg_store<Context, Args>::format_arg_store(T& ...) [with T = {std::chrono::duration<int, std::ratio<1, 1000000000000> >}; Context = fmt::v10::basic_format_context<fmt::v10::appender, char>; Args = {std::chrono::duration<int, std::ratio<1, 1000000000000> >}]’
 1824 |         data_{detail::make_arg<is_packed, Context>(args)...} {
      |               ~~~~~~~~~~~~~~~~~~~~~~~~~~~~~~~~~~~~^~~~~~
/home/fmt/include/fmt/core.h:1842:18:   required from ‘std::string fmt::v10::format(format_string<T ...>, T&& ...) [with T = {std::chrono::duration<int, std::ratio<1, 1000000000000> >}; std::string = std::__cxx11::basic_string<char>; format_string<T ...> = basic_format_string<char, std::chrono::duration<int, std::ratio<1, 1000000000000> > >]’
 1842 |   return {args...};
      |                  ^
/home/fmt/test/chrono-test.cc:431:3:   required from here
  432 |             fmt::format("{}", std::chrono::duration<int, std::pico>(42)));
      |             ~~~~~~~~~~~^~~~~~~~~~~~~~~~~~~~~~~~~~~~~~~~~~~~~~~~~~~~~~~~~
/home/fmt/include/fmt/chrono.h:1688:19: error: cannot resolve overloaded function ‘get_units’ based on conversion to type ‘const char*’
 1688 |   if (const char* unit = get_units<Period>)
      |                   ^~~~
/home/fmt/include/fmt/chrono.h: In instantiation of ‘OutputIt fmt::v10::detail::format_duration_unit(OutputIt) [with Char = char; Period = std::ratio<1, 1000000000>; OutputIt = std::back_insert_iterator<fmt::v10::basic_memory_buffer<char> >]’:
/home/fmt/include/fmt/chrono.h:2056:49:   required from ‘decltype (ctx.out()) fmt::v10::formatter<std::chrono::duration<_Rep1, _Period1>, Char>::format(std::chrono::duration<_Rep1, _Period1>, FormatContext&) const [with FormatContext = fmt::v10::basic_format_context<fmt::v10::appender, char>; Rep = long int; Period = std::ratio<1, 1000000000>; Char = char; decltype (ctx.out()) = fmt::v10::appender]’
 2056 |       detail::format_duration_unit<Char, Period>(out);
      |       ~~~~~~~~~~~~~~~~~~~~~~~~~~~~~~~~~~~~~~~~~~^~~~~
/home/fmt/include/fmt/core.h:1322:28:   required from ‘static void fmt::v10::detail::value<Context>::format_custom_arg(void*, typename Context::parse_context_type&, Context&) [with T = std::chrono::duration<long int, std::ratio<1, 1000000000> >; Formatter = fmt::v10::formatter<std::chrono::duration<long int, std::ratio<1, 1000000000> >, char, void>; Context = fmt::v10::basic_format_context<fmt::v10::appender, char>; typename Context::parse_context_type = fmt::v10::basic_format_parse_context<char>]’
 1322 |     ctx.advance_to(f.format(*static_cast<qualified_type*>(arg), ctx));
      |                    ~~~~~~~~^~~~~~~~~~~~~~~~~~~~~~~~~~~~~~~~~~~~~~~~~
/home/fmt/include/fmt/core.h:1304:19:   required from ‘fmt::v10::detail::value<Context>::value(T&) [with T = std::chrono::duration<long int, std::ratio<1, 1000000000> >; Context = fmt::v10::basic_format_context<fmt::v10::appender, char>]’
 1304 |     custom.format = format_custom_arg<
      |     ~~~~~~~~~~~~~~^~~~~~~~~~~~~~~~~~~~
 1305 |         value_type, typename Context::template formatter_type<value_type>>;
      |         ~~~~~~~~~~~~~~~~~~~~~~~~~~~~~~~~~~~~~~~~~~~~~~~~~~~~~~~~~~~~~~~~~~
/home/fmt/include/fmt/core.h:1599:41:   required from ‘constexpr fmt::v10::detail::value<Context> fmt::v10::detail::make_arg(T&) [with bool PACKED = true; Context = fmt::v10::basic_format_context<fmt::v10::appender, char>; T = std::chrono::duration<long int, std::ratio<1, 1000000000> >; typename std::enable_if<PACKED, int>::type <anonymous> = 0]’
 1599 |   return {arg_mapper<Context>().map(val)};
      |                                         ^
/home/fmt/include/fmt/core.h:1824:51:   required from ‘constexpr fmt::v10::format_arg_store<Context, Args>::format_arg_store(T& ...) [with T = {std::chrono::duration<long int, std::ratio<1, 1000000000> >}; Context = fmt::v10::basic_format_context<fmt::v10::appender, char>; Args = {std::chrono::duration<long int, std::ratio<1, 1000000000> >}]’
 1824 |         data_{detail::make_arg<is_packed, Context>(args)...} {
      |               ~~~~~~~~~~~~~~~~~~~~~~~~~~~~~~~~~~~~^~~~~~
/home/fmt/include/fmt/core.h:1842:18:   required from ‘std::string fmt::v10::format(format_string<T ...>, T&& ...) [with T = {std::chrono::duration<long int, std::ratio<1, 1000000000> >}; std::string = std::__cxx11::basic_string<char>; format_string<T ...> = basic_format_string<char, std::chrono::duration<long int, std::ratio<1, 1000000000> > >]’
 1842 |   return {args...};
      |                  ^
/home/fmt/test/chrono-test.cc:433:3:   required from here
  433 |   EXPECT_EQ("42ns", fmt::format("{}", std::chrono::nanoseconds(42)));
      |                     ~~~~~~~~~~~^~~~~~~~~~~~~~~~~~~~~~~~~~~~~~~~~~~~
/home/fmt/include/fmt/chrono.h:1688:19: error: cannot resolve overloaded function ‘get_units’ based on conversion to type ‘const char*’
 1688 |   if (const char* unit = get_units<Period>)
      |                   ^~~~
/home/fmt/include/fmt/chrono.h: In instantiation of ‘OutputIt fmt::v10::detail::format_duration_unit(OutputIt) [with Char = char; Period = std::ratio<1, 1000000>; OutputIt = std::back_insert_iterator<fmt::v10::basic_memory_buffer<char> >]’:
/home/fmt/include/fmt/chrono.h:2056:49:   required from ‘decltype (ctx.out()) fmt::v10::formatter<std::chrono::duration<_Rep1, _Period1>, Char>::format(std::chrono::duration<_Rep1, _Period1>, FormatContext&) const [with FormatContext = fmt::v10::basic_format_context<fmt::v10::appender, char>; Rep = long int; Period = std::ratio<1, 1000000>; Char = char; decltype (ctx.out()) = fmt::v10::appender]’
 2056 |       detail::format_duration_unit<Char, Period>(out);
      |       ~~~~~~~~~~~~~~~~~~~~~~~~~~~~~~~~~~~~~~~~~~^~~~~
/home/fmt/include/fmt/core.h:1322:28:   required from ‘static void fmt::v10::detail::value<Context>::format_custom_arg(void*, typename Context::parse_context_type&, Context&) [with T = std::chrono::duration<long int, std::ratio<1, 1000000> >; Formatter = fmt::v10::formatter<std::chrono::duration<long int, std::ratio<1, 1000000> >, char, void>; Context = fmt::v10::basic_format_context<fmt::v10::appender, char>; typename Context::parse_context_type = fmt::v10::basic_format_parse_context<char>]’
 1322 |     ctx.advance_to(f.format(*static_cast<qualified_type*>(arg), ctx));
      |                    ~~~~~~~~^~~~~~~~~~~~~~~~~~~~~~~~~~~~~~~~~~~~~~~~~
/home/fmt/include/fmt/core.h:1304:19:   required from ‘fmt::v10::detail::value<Context>::value(T&) [with T = std::chrono::duration<long int, std::ratio<1, 1000000> >; Context = fmt::v10::basic_format_context<fmt::v10::appender, char>]’
 1304 |     custom.format = format_custom_arg<
      |     ~~~~~~~~~~~~~~^~~~~~~~~~~~~~~~~~~~
 1305 |         value_type, typename Context::template formatter_type<value_type>>;
      |         ~~~~~~~~~~~~~~~~~~~~~~~~~~~~~~~~~~~~~~~~~~~~~~~~~~~~~~~~~~~~~~~~~~
/home/fmt/include/fmt/core.h:1599:41:   required from ‘constexpr fmt::v10::detail::value<Context> fmt::v10::detail::make_arg(T&) [with bool PACKED = true; Context = fmt::v10::basic_format_context<fmt::v10::appender, char>; T = std::chrono::duration<long int, std::ratio<1, 1000000> >; typename std::enable_if<PACKED, int>::type <anonymous> = 0]’
 1599 |   return {arg_mapper<Context>().map(val)};
      |                                         ^
/home/fmt/include/fmt/core.h:1824:51:   required from ‘constexpr fmt::v10::format_arg_store<Context, Args>::format_arg_store(T& ...) [with T = {std::chrono::duration<long int, std::ratio<1, 1000000> >}; Context = fmt::v10::basic_format_context<fmt::v10::appender, char>; Args = {std::chrono::duration<long int, std::ratio<1, 1000000> >}]’
 1824 |         data_{detail::make_arg<is_packed, Context>(args)...} {
      |               ~~~~~~~~~~~~~~~~~~~~~~~~~~~~~~~~~~~~^~~~~~
/home/fmt/include/fmt/core.h:1842:18:   required from ‘std::string fmt::v10::format(format_string<T ...>, T&& ...) [with T = {std::chrono::duration<long int, std::ratio<1, 1000000> >}; std::string = std::__cxx11::basic_string<char>; format_string<T ...> = basic_format_string<char, std::chrono::duration<long int, std::ratio<1, 1000000> > >]’
 1842 |   return {args...};
      |                  ^
/home/fmt/test/chrono-test.cc:434:3:   required from here
  434 |   EXPECT_EQ("42µs", fmt::format("{}", std::chrono::microseconds(42)));
      |                     ~~~~~~~~~~~^~~~~~~~~~~~~~~~~~~~~~~~~~~~~~~~~~~~~
/home/fmt/include/fmt/chrono.h:1688:19: error: cannot resolve overloaded function ‘get_units’ based on conversion to type ‘const char*’
 1688 |   if (const char* unit = get_units<Period>)
      |                   ^~~~
/home/fmt/include/fmt/chrono.h: In instantiation of ‘OutputIt fmt::v10::detail::format_duration_unit(OutputIt) [with Char = char; Period = std::ratio<1, 1000>; OutputIt = std::back_insert_iterator<fmt::v10::basic_memory_buffer<char> >]’:
/home/fmt/include/fmt/chrono.h:2056:49:   required from ‘decltype (ctx.out()) fmt::v10::formatter<std::chrono::duration<_Rep1, _Period1>, Char>::format(std::chrono::duration<_Rep1, _Period1>, FormatContext&) const [with FormatContext = fmt::v10::basic_format_context<fmt::v10::appender, char>; Rep = long int; Period = std::ratio<1, 1000>; Char = char; decltype (ctx.out()) = fmt::v10::appender]’
 2056 |       detail::format_duration_unit<Char, Period>(out);
      |       ~~~~~~~~~~~~~~~~~~~~~~~~~~~~~~~~~~~~~~~~~~^~~~~
/home/fmt/include/fmt/core.h:1322:28:   required from ‘static void fmt::v10::detail::value<Context>::format_custom_arg(void*, typename Context::parse_context_type&, Context&) [with T = std::chrono::duration<long int, std::ratio<1, 1000> >; Formatter = fmt::v10::formatter<std::chrono::duration<long int, std::ratio<1, 1000> >, char, void>; Context = fmt::v10::basic_format_context<fmt::v10::appender, char>; typename Context::parse_context_type = fmt::v10::basic_format_parse_context<char>]’
 1322 |     ctx.advance_to(f.format(*static_cast<qualified_type*>(arg), ctx));
      |                    ~~~~~~~~^~~~~~~~~~~~~~~~~~~~~~~~~~~~~~~~~~~~~~~~~
/home/fmt/include/fmt/core.h:1304:19:   required from ‘fmt::v10::detail::value<Context>::value(T&) [with T = std::chrono::duration<long int, std::ratio<1, 1000> >; Context = fmt::v10::basic_format_context<fmt::v10::appender, char>]’
 1304 |     custom.format = format_custom_arg<
      |     ~~~~~~~~~~~~~~^~~~~~~~~~~~~~~~~~~~
 1305 |         value_type, typename Context::template formatter_type<value_type>>;
      |         ~~~~~~~~~~~~~~~~~~~~~~~~~~~~~~~~~~~~~~~~~~~~~~~~~~~~~~~~~~~~~~~~~~
/home/fmt/include/fmt/core.h:1599:41:   required from ‘constexpr fmt::v10::detail::value<Context> fmt::v10::detail::make_arg(T&) [with bool PACKED = true; Context = fmt::v10::basic_format_context<fmt::v10::appender, char>; T = std::chrono::duration<long int, std::ratio<1, 1000> >; typename std::enable_if<PACKED, int>::type <anonymous> = 0]’
 1599 |   return {arg_mapper<Context>().map(val)};
      |                                         ^
/home/fmt/include/fmt/core.h:1824:51:   required from ‘constexpr fmt::v10::format_arg_store<Context, Args>::format_arg_store(T& ...) [with T = {std::chrono::duration<long int, std::ratio<1, 1000> >}; Context = fmt::v10::basic_format_context<fmt::v10::appender, char>; Args = {std::chrono::duration<long int, std::ratio<1, 1000> >}]’
 1824 |         data_{detail::make_arg<is_packed, Context>(args)...} {
      |               ~~~~~~~~~~~~~~~~~~~~~~~~~~~~~~~~~~~~^~~~~~
/home/fmt/include/fmt/core.h:1842:18:   required from ‘std::string fmt::v10::format(format_string<T ...>, T&& ...) [with T = {std::chrono::duration<long int, std::ratio<1, 1000> >}; std::string = std::__cxx11::basic_string<char>; format_string<T ...> = basic_format_string<char, std::chrono::duration<long int, std::ratio<1, 1000> > >]’
 1842 |   return {args...};
      |                  ^
/home/fmt/test/chrono-test.cc:435:3:   required from here
  435 |   EXPECT_EQ("42ms", fmt::format("{}", std::chrono::milliseconds(42)));
      |                     ~~~~~~~~~~~^~~~~~~~~~~~~~~~~~~~~~~~~~~~~~~~~~~~~
/home/fmt/include/fmt/chrono.h:1688:19: error: cannot resolve overloaded function ‘get_units’ based on conversion to type ‘const char*’
 1688 |   if (const char* unit = get_units<Period>)
      |                   ^~~~
/home/fmt/include/fmt/chrono.h: In instantiation of ‘OutputIt fmt::v10::detail::format_duration_unit(OutputIt) [with Char = char; Period = std::ratio<1, 100>; OutputIt = std::back_insert_iterator<fmt::v10::basic_memory_buffer<char> >]’:
/home/fmt/include/fmt/chrono.h:2056:49:   required from ‘decltype (ctx.out()) fmt::v10::formatter<std::chrono::duration<_Rep1, _Period1>, Char>::format(std::chrono::duration<_Rep1, _Period1>, FormatContext&) const [with FormatContext = fmt::v10::basic_format_context<fmt::v10::appender, char>; Rep = int; Period = std::ratio<1, 100>; Char = char; decltype (ctx.out()) = fmt::v10::appender]’
 2056 |       detail::format_duration_unit<Char, Period>(out);
      |       ~~~~~~~~~~~~~~~~~~~~~~~~~~~~~~~~~~~~~~~~~~^~~~~
/home/fmt/include/fmt/core.h:1322:28:   required from ‘static void fmt::v10::detail::value<Context>::format_custom_arg(void*, typename Context::parse_context_type&, Context&) [with T = std::chrono::duration<int, std::ratio<1, 100> >; Formatter = fmt::v10::formatter<std::chrono::duration<int, std::ratio<1, 100> >, char, void>; Context = fmt::v10::basic_format_context<fmt::v10::appender, char>; typename Context::parse_context_type = fmt::v10::basic_format_parse_context<char>]’
 1322 |     ctx.advance_to(f.format(*static_cast<qualified_type*>(arg), ctx));
      |                    ~~~~~~~~^~~~~~~~~~~~~~~~~~~~~~~~~~~~~~~~~~~~~~~~~
/home/fmt/include/fmt/core.h:1304:19:   required from ‘fmt::v10::detail::value<Context>::value(T&) [with T = std::chrono::duration<int, std::ratio<1, 100> >; Context = fmt::v10::basic_format_context<fmt::v10::appender, char>]’
 1304 |     custom.format = format_custom_arg<
      |     ~~~~~~~~~~~~~~^~~~~~~~~~~~~~~~~~~~
 1305 |         value_type, typename Context::template formatter_type<value_type>>;
      |         ~~~~~~~~~~~~~~~~~~~~~~~~~~~~~~~~~~~~~~~~~~~~~~~~~~~~~~~~~~~~~~~~~~
/home/fmt/include/fmt/core.h:1599:41:   required from ‘constexpr fmt::v10::detail::value<Context> fmt::v10::detail::make_arg(T&) [with bool PACKED = true; Context = fmt::v10::basic_format_context<fmt::v10::appender, char>; T = std::chrono::duration<int, std::ratio<1, 100> >; typename std::enable_if<PACKED, int>::type <anonymous> = 0]’
 1599 |   return {arg_mapper<Context>().map(val)};
      |                                         ^
/home/fmt/include/fmt/core.h:1824:51:   required from ‘constexpr fmt::v10::format_arg_store<Context, Args>::format_arg_store(T& ...) [with T = {std::chrono::duration<int, std::ratio<1, 100> >}; Context = fmt::v10::basic_format_context<fmt::v10::appender, char>; Args = {std::chrono::duration<int, std::ratio<1, 100> >}]’
 1824 |         data_{detail::make_arg<is_packed, Context>(args)...} {
      |               ~~~~~~~~~~~~~~~~~~~~~~~~~~~~~~~~~~~~^~~~~~
/home/fmt/include/fmt/core.h:1842:18:   required from ‘std::string fmt::v10::format(format_string<T ...>, T&& ...) [with T = {std::chrono::duration<int, std::ratio<1, 100> >}; std::string = std::__cxx11::basic_string<char>; format_string<T ...> = basic_format_string<char, std::chrono::duration<int, std::ratio<1, 100> > >]’
 1842 |   return {args...};
      |                  ^
/home/fmt/test/chrono-test.cc:436:3:   required from here
  437 |             fmt::format("{}", std::chrono::duration<int, std::centi>(42)));
      |             ~~~~~~~~~~~^~~~~~~~~~~~~~~~~~~~~~~~~~~~~~~~~~~~~~~~~~~~~~~~~~
/home/fmt/include/fmt/chrono.h:1688:19: error: cannot resolve overloaded function ‘get_units’ based on conversion to type ‘const char*’
 1688 |   if (const char* unit = get_units<Period>)
      |                   ^~~~
/home/fmt/include/fmt/chrono.h: In instantiation of ‘OutputIt fmt::v10::detail::format_duration_unit(OutputIt) [with Char = char; Period = std::ratio<1, 10>; OutputIt = std::back_insert_iterator<fmt::v10::basic_memory_buffer<char> >]’:
/home/fmt/include/fmt/chrono.h:2056:49:   required from ‘decltype (ctx.out()) fmt::v10::formatter<std::chrono::duration<_Rep1, _Period1>, Char>::format(std::chrono::duration<_Rep1, _Period1>, FormatContext&) const [with FormatContext = fmt::v10::basic_format_context<fmt::v10::appender, char>; Rep = int; Period = std::ratio<1, 10>; Char = char; decltype (ctx.out()) = fmt::v10::appender]’
 2056 |       detail::format_duration_unit<Char, Period>(out);
      |       ~~~~~~~~~~~~~~~~~~~~~~~~~~~~~~~~~~~~~~~~~~^~~~~
/home/fmt/include/fmt/core.h:1322:28:   required from ‘static void fmt::v10::detail::value<Context>::format_custom_arg(void*, typename Context::parse_context_type&, Context&) [with T = std::chrono::duration<int, std::ratio<1, 10> >; Formatter = fmt::v10::formatter<std::chrono::duration<int, std::ratio<1, 10> >, char, void>; Context = fmt::v10::basic_format_context<fmt::v10::appender, char>; typename Context::parse_context_type = fmt::v10::basic_format_parse_context<char>]’
 1322 |     ctx.advance_to(f.format(*static_cast<qualified_type*>(arg), ctx));
      |                    ~~~~~~~~^~~~~~~~~~~~~~~~~~~~~~~~~~~~~~~~~~~~~~~~~
/home/fmt/include/fmt/core.h:1304:19:   required from ‘fmt::v10::detail::value<Context>::value(T&) [with T = std::chrono::duration<int, std::ratio<1, 10> >; Context = fmt::v10::basic_format_context<fmt::v10::appender, char>]’
 1304 |     custom.format = format_custom_arg<
      |     ~~~~~~~~~~~~~~^~~~~~~~~~~~~~~~~~~~
 1305 |         value_type, typename Context::template formatter_type<value_type>>;
      |         ~~~~~~~~~~~~~~~~~~~~~~~~~~~~~~~~~~~~~~~~~~~~~~~~~~~~~~~~~~~~~~~~~~
/home/fmt/include/fmt/core.h:1599:41:   required from ‘constexpr fmt::v10::detail::value<Context> fmt::v10::detail::make_arg(T&) [with bool PACKED = true; Context = fmt::v10::basic_format_context<fmt::v10::appender, char>; T = std::chrono::duration<int, std::ratio<1, 10> >; typename std::enable_if<PACKED, int>::type <anonymous> = 0]’
 1599 |   return {arg_mapper<Context>().map(val)};
      |                                         ^
/home/fmt/include/fmt/core.h:1824:51:   required from ‘constexpr fmt::v10::format_arg_store<Context, Args>::format_arg_store(T& ...) [with T = {std::chrono::duration<int, std::ratio<1, 10> >}; Context = fmt::v10::basic_format_context<fmt::v10::appender, char>; Args = {std::chrono::duration<int, std::ratio<1, 10> >}]’
 1824 |         data_{detail::make_arg<is_packed, Context>(args)...} {
      |               ~~~~~~~~~~~~~~~~~~~~~~~~~~~~~~~~~~~~^~~~~~
/home/fmt/include/fmt/core.h:1842:18:   required from ‘std::string fmt::v10::format(format_string<T ...>, T&& ...) [with T = {std::chrono::duration<int, std::ratio<1, 10> >}; std::string = std::__cxx11::basic_string<char>; format_string<T ...> = basic_format_string<char, std::chrono::duration<int, std::ratio<1, 10> > >]’
 1842 |   return {args...};
      |                  ^
/home/fmt/test/chrono-test.cc:438:3:   required from here
  439 |             fmt::format("{}", std::chrono::duration<int, std::deci>(42)));
      |             ~~~~~~~~~~~^~~~~~~~~~~~~~~~~~~~~~~~~~~~~~~~~~~~~~~~~~~~~~~~~
/home/fmt/include/fmt/chrono.h:1688:19: error: cannot resolve overloaded function ‘get_units’ based on conversion to type ‘const char*’
 1688 |   if (const char* unit = get_units<Period>)
      |                   ^~~~
/home/fmt/include/fmt/chrono.h: In instantiation of ‘OutputIt fmt::v10::detail::format_duration_unit(OutputIt) [with Char = char; Period = std::ratio<10, 1>; OutputIt = std::back_insert_iterator<fmt::v10::basic_memory_buffer<char> >]’:
/home/fmt/include/fmt/chrono.h:2056:49:   required from ‘decltype (ctx.out()) fmt::v10::formatter<std::chrono::duration<_Rep1, _Period1>, Char>::format(std::chrono::duration<_Rep1, _Period1>, FormatContext&) const [with FormatContext = fmt::v10::basic_format_context<fmt::v10::appender, char>; Rep = int; Period = std::ratio<10, 1>; Char = char; decltype (ctx.out()) = fmt::v10::appender]’
 2056 |       detail::format_duration_unit<Char, Period>(out);
      |       ~~~~~~~~~~~~~~~~~~~~~~~~~~~~~~~~~~~~~~~~~~^~~~~
/home/fmt/include/fmt/core.h:1322:28:   required from ‘static void fmt::v10::detail::value<Context>::format_custom_arg(void*, typename Context::parse_context_type&, Context&) [with T = std::chrono::duration<int, std::ratio<10, 1> >; Formatter = fmt::v10::formatter<std::chrono::duration<int, std::ratio<10, 1> >, char, void>; Context = fmt::v10::basic_format_context<fmt::v10::appender, char>; typename Context::parse_context_type = fmt::v10::basic_format_parse_context<char>]’
 1322 |     ctx.advance_to(f.format(*static_cast<qualified_type*>(arg), ctx));
      |                    ~~~~~~~~^~~~~~~~~~~~~~~~~~~~~~~~~~~~~~~~~~~~~~~~~
/home/fmt/include/fmt/core.h:1304:19:   required from ‘fmt::v10::detail::value<Context>::value(T&) [with T = std::chrono::duration<int, std::ratio<10, 1> >; Context = fmt::v10::basic_format_context<fmt::v10::appender, char>]’
 1304 |     custom.format = format_custom_arg<
      |     ~~~~~~~~~~~~~~^~~~~~~~~~~~~~~~~~~~
 1305 |         value_type, typename Context::template formatter_type<value_type>>;
      |         ~~~~~~~~~~~~~~~~~~~~~~~~~~~~~~~~~~~~~~~~~~~~~~~~~~~~~~~~~~~~~~~~~~
/home/fmt/include/fmt/core.h:1599:41:   required from ‘constexpr fmt::v10::detail::value<Context> fmt::v10::detail::make_arg(T&) [with bool PACKED = true; Context = fmt::v10::basic_format_context<fmt::v10::appender, char>; T = std::chrono::duration<int, std::ratio<10, 1> >; typename std::enable_if<PACKED, int>::type <anonymous> = 0]’
 1599 |   return {arg_mapper<Context>().map(val)};
      |                                         ^
/home/fmt/include/fmt/core.h:1824:51:   required from ‘constexpr fmt::v10::format_arg_store<Context, Args>::format_arg_store(T& ...) [with T = {std::chrono::duration<int, std::ratio<10, 1> >}; Context = fmt::v10::basic_format_context<fmt::v10::appender, char>; Args = {std::chrono::duration<int, std::ratio<10, 1> >}]’
 1824 |         data_{detail::make_arg<is_packed, Context>(args)...} {
      |               ~~~~~~~~~~~~~~~~~~~~~~~~~~~~~~~~~~~~^~~~~~
/home/fmt/include/fmt/core.h:1842:18:   required from ‘std::string fmt::v10::format(format_string<T ...>, T&& ...) [with T = {std::chrono::duration<int, std::ratio<10, 1> >}; std::string = std::__cxx11::basic_string<char>; format_string<T ...> = basic_format_string<char, std::chrono::duration<int, std::ratio<10, 1> > >]’
 1842 |   return {args...};
      |                  ^
/home/fmt/test/chrono-test.cc:441:3:   required from here
  442 |             fmt::format("{}", std::chrono::duration<int, std::deca>(42)));
      |             ~~~~~~~~~~~^~~~~~~~~~~~~~~~~~~~~~~~~~~~~~~~~~~~~~~~~~~~~~~~~
/home/fmt/include/fmt/chrono.h:1688:19: error: cannot resolve overloaded function ‘get_units’ based on conversion to type ‘const char*’
 1688 |   if (const char* unit = get_units<Period>)
      |                   ^~~~
/home/fmt/include/fmt/chrono.h: In instantiation of ‘OutputIt fmt::v10::detail::format_duration_unit(OutputIt) [with Char = char; Period = std::ratio<100, 1>; OutputIt = std::back_insert_iterator<fmt::v10::basic_memory_buffer<char> >]’:
/home/fmt/include/fmt/chrono.h:2056:49:   required from ‘decltype (ctx.out()) fmt::v10::formatter<std::chrono::duration<_Rep1, _Period1>, Char>::format(std::chrono::duration<_Rep1, _Period1>, FormatContext&) const [with FormatContext = fmt::v10::basic_format_context<fmt::v10::appender, char>; Rep = int; Period = std::ratio<100, 1>; Char = char; decltype (ctx.out()) = fmt::v10::appender]’
 2056 |       detail::format_duration_unit<Char, Period>(out);
      |       ~~~~~~~~~~~~~~~~~~~~~~~~~~~~~~~~~~~~~~~~~~^~~~~
/home/fmt/include/fmt/core.h:1322:28:   required from ‘static void fmt::v10::detail::value<Context>::format_custom_arg(void*, typename Context::parse_context_type&, Context&) [with T = std::chrono::duration<int, std::ratio<100, 1> >; Formatter = fmt::v10::formatter<std::chrono::duration<int, std::ratio<100, 1> >, char, void>; Context = fmt::v10::basic_format_context<fmt::v10::appender, char>; typename Context::parse_context_type = fmt::v10::basic_format_parse_context<char>]’
 1322 |     ctx.advance_to(f.format(*static_cast<qualified_type*>(arg), ctx));
      |                    ~~~~~~~~^~~~~~~~~~~~~~~~~~~~~~~~~~~~~~~~~~~~~~~~~
/home/fmt/include/fmt/core.h:1304:19:   required from ‘fmt::v10::detail::value<Context>::value(T&) [with T = std::chrono::duration<int, std::ratio<100, 1> >; Context = fmt::v10::basic_format_context<fmt::v10::appender, char>]’
 1304 |     custom.format = format_custom_arg<
      |     ~~~~~~~~~~~~~~^~~~~~~~~~~~~~~~~~~~
 1305 |         value_type, typename Context::template formatter_type<value_type>>;
      |         ~~~~~~~~~~~~~~~~~~~~~~~~~~~~~~~~~~~~~~~~~~~~~~~~~~~~~~~~~~~~~~~~~~
/home/fmt/include/fmt/core.h:1599:41:   required from ‘constexpr fmt::v10::detail::value<Context> fmt::v10::detail::make_arg(T&) [with bool PACKED = true; Context = fmt::v10::basic_format_context<fmt::v10::appender, char>; T = std::chrono::duration<int, std::ratio<100, 1> >; typename std::enable_if<PACKED, int>::type <anonymous> = 0]’
 1599 |   return {arg_mapper<Context>().map(val)};
      |                                         ^
/home/fmt/include/fmt/core.h:1824:51:   required from ‘constexpr fmt::v10::format_arg_store<Context, Args>::format_arg_store(T& ...) [with T = {std::chrono::duration<int, std::ratio<100, 1> >}; Context = fmt::v10::basic_format_context<fmt::v10::appender, char>; Args = {std::chrono::duration<int, std::ratio<100, 1> >}]’
 1824 |         data_{detail::make_arg<is_packed, Context>(args)...} {
      |               ~~~~~~~~~~~~~~~~~~~~~~~~~~~~~~~~~~~~^~~~~~
/home/fmt/include/fmt/core.h:1842:18:   required from ‘std::string fmt::v10::format(format_string<T ...>, T&& ...) [with T = {std::chrono::duration<int, std::ratio<100, 1> >}; std::string = std::__cxx11::basic_string<char>; format_string<T ...> = basic_format_string<char, std::chrono::duration<int, std::ratio<100, 1> > >]’
 1842 |   return {args...};
      |                  ^
/home/fmt/test/chrono-test.cc:443:3:   required from here
  444 |             fmt::format("{}", std::chrono::duration<int, std::hecto>(42)));
      |             ~~~~~~~~~~~^~~~~~~~~~~~~~~~~~~~~~~~~~~~~~~~~~~~~~~~~~~~~~~~~~
/home/fmt/include/fmt/chrono.h:1688:19: error: cannot resolve overloaded function ‘get_units’ based on conversion to type ‘const char*’
 1688 |   if (const char* unit = get_units<Period>)
      |                   ^~~~
/home/fmt/include/fmt/chrono.h: In instantiation of ‘OutputIt fmt::v10::detail::format_duration_unit(OutputIt) [with Char = char; Period = std::ratio<1000, 1>; OutputIt = std::back_insert_iterator<fmt::v10::basic_memory_buffer<char> >]’:
/home/fmt/include/fmt/chrono.h:2056:49:   required from ‘decltype (ctx.out()) fmt::v10::formatter<std::chrono::duration<_Rep1, _Period1>, Char>::format(std::chrono::duration<_Rep1, _Period1>, FormatContext&) const [with FormatContext = fmt::v10::basic_format_context<fmt::v10::appender, char>; Rep = int; Period = std::ratio<1000, 1>; Char = char; decltype (ctx.out()) = fmt::v10::appender]’
 2056 |       detail::format_duration_unit<Char, Period>(out);
      |       ~~~~~~~~~~~~~~~~~~~~~~~~~~~~~~~~~~~~~~~~~~^~~~~
/home/fmt/include/fmt/core.h:1322:28:   required from ‘static void fmt::v10::detail::value<Context>::format_custom_arg(void*, typename Context::parse_context_type&, Context&) [with T = std::chrono::duration<int, std::ratio<1000, 1> >; Formatter = fmt::v10::formatter<std::chrono::duration<int, std::ratio<1000, 1> >, char, void>; Context = fmt::v10::basic_format_context<fmt::v10::appender, char>; typename Context::parse_context_type = fmt::v10::basic_format_parse_context<char>]’
 1322 |     ctx.advance_to(f.format(*static_cast<qualified_type*>(arg), ctx));
      |                    ~~~~~~~~^~~~~~~~~~~~~~~~~~~~~~~~~~~~~~~~~~~~~~~~~
/home/fmt/include/fmt/core.h:1304:19:   required from ‘fmt::v10::detail::value<Context>::value(T&) [with T = std::chrono::duration<int, std::ratio<1000, 1> >; Context = fmt::v10::basic_format_context<fmt::v10::appender, char>]’
 1304 |     custom.format = format_custom_arg<
      |     ~~~~~~~~~~~~~~^~~~~~~~~~~~~~~~~~~~
 1305 |         value_type, typename Context::template formatter_type<value_type>>;
      |         ~~~~~~~~~~~~~~~~~~~~~~~~~~~~~~~~~~~~~~~~~~~~~~~~~~~~~~~~~~~~~~~~~~
/home/fmt/include/fmt/core.h:1599:41:   required from ‘constexpr fmt::v10::detail::value<Context> fmt::v10::detail::make_arg(T&) [with bool PACKED = true; Context = fmt::v10::basic_format_context<fmt::v10::appender, char>; T = std::chrono::duration<int, std::ratio<1000, 1> >; typename std::enable_if<PACKED, int>::type <anonymous> = 0]’
 1599 |   return {arg_mapper<Context>().map(val)};
      |                                         ^
/home/fmt/include/fmt/core.h:1824:51:   required from ‘constexpr fmt::v10::format_arg_store<Context, Args>::format_arg_store(T& ...) [with T = {std::chrono::duration<int, std::ratio<1000, 1> >}; Context = fmt::v10::basic_format_context<fmt::v10::appender, char>; Args = {std::chrono::duration<int, std::ratio<1000, 1> >}]’
 1824 |         data_{detail::make_arg<is_packed, Context>(args)...} {
      |               ~~~~~~~~~~~~~~~~~~~~~~~~~~~~~~~~~~~~^~~~~~
/home/fmt/include/fmt/core.h:1842:18:   required from ‘std::string fmt::v10::format(format_string<T ...>, T&& ...) [with T = {std::chrono::duration<int, std::ratio<1000, 1> >}; std::string = std::__cxx11::basic_string<char>; format_string<T ...> = basic_format_string<char, std::chrono::duration<int, std::ratio<1000, 1> > >]’
 1842 |   return {args...};
      |                  ^
/home/fmt/test/chrono-test.cc:445:3:   required from here
  446 |             fmt::format("{}", std::chrono::duration<int, std::kilo>(42)));
      |             ~~~~~~~~~~~^~~~~~~~~~~~~~~~~~~~~~~~~~~~~~~~~~~~~~~~~~~~~~~~~
/home/fmt/include/fmt/chrono.h:1688:19: error: cannot resolve overloaded function ‘get_units’ based on conversion to type ‘const char*’
 1688 |   if (const char* unit = get_units<Period>)
      |                   ^~~~
/home/fmt/include/fmt/chrono.h: In instantiation of ‘OutputIt fmt::v10::detail::format_duration_unit(OutputIt) [with Char = char; Period = std::ratio<1000000, 1>; OutputIt = std::back_insert_iterator<fmt::v10::basic_memory_buffer<char> >]’:
/home/fmt/include/fmt/chrono.h:2056:49:   required from ‘decltype (ctx.out()) fmt::v10::formatter<std::chrono::duration<_Rep1, _Period1>, Char>::format(std::chrono::duration<_Rep1, _Period1>, FormatContext&) const [with FormatContext = fmt::v10::basic_format_context<fmt::v10::appender, char>; Rep = int; Period = std::ratio<1000000, 1>; Char = char; decltype (ctx.out()) = fmt::v10::appender]’
 2056 |       detail::format_duration_unit<Char, Period>(out);
      |       ~~~~~~~~~~~~~~~~~~~~~~~~~~~~~~~~~~~~~~~~~~^~~~~
/home/fmt/include/fmt/core.h:1322:28:   required from ‘static void fmt::v10::detail::value<Context>::format_custom_arg(void*, typename Context::parse_context_type&, Context&) [with T = std::chrono::duration<int, std::ratio<1000000, 1> >; Formatter = fmt::v10::formatter<std::chrono::duration<int, std::ratio<1000000, 1> >, char, void>; Context = fmt::v10::basic_format_context<fmt::v10::appender, char>; typename Context::parse_context_type = fmt::v10::basic_format_parse_context<char>]’
 1322 |     ctx.advance_to(f.format(*static_cast<qualified_type*>(arg), ctx));
      |                    ~~~~~~~~^~~~~~~~~~~~~~~~~~~~~~~~~~~~~~~~~~~~~~~~~
/home/fmt/include/fmt/core.h:1304:19:   required from ‘fmt::v10::detail::value<Context>::value(T&) [with T = std::chrono::duration<int, std::ratio<1000000, 1> >; Context = fmt::v10::basic_format_context<fmt::v10::appender, char>]’
 1304 |     custom.format = format_custom_arg<
      |     ~~~~~~~~~~~~~~^~~~~~~~~~~~~~~~~~~~
 1305 |         value_type, typename Context::template formatter_type<value_type>>;
      |         ~~~~~~~~~~~~~~~~~~~~~~~~~~~~~~~~~~~~~~~~~~~~~~~~~~~~~~~~~~~~~~~~~~
/home/fmt/include/fmt/core.h:1599:41:   required from ‘constexpr fmt::v10::detail::value<Context> fmt::v10::detail::make_arg(T&) [with bool PACKED = true; Context = fmt::v10::basic_format_context<fmt::v10::appender, char>; T = std::chrono::duration<int, std::ratio<1000000, 1> >; typename std::enable_if<PACKED, int>::type <anonymous> = 0]’
 1599 |   return {arg_mapper<Context>().map(val)};
      |                                         ^
/home/fmt/include/fmt/core.h:1824:51:   required from ‘constexpr fmt::v10::format_arg_store<Context, Args>::format_arg_store(T& ...) [with T = {std::chrono::duration<int, std::ratio<1000000, 1> >}; Context = fmt::v10::basic_format_context<fmt::v10::appender, char>; Args = {std::chrono::duration<int, std::ratio<1000000, 1> >}]’
 1824 |         data_{detail::make_arg<is_packed, Context>(args)...} {
      |               ~~~~~~~~~~~~~~~~~~~~~~~~~~~~~~~~~~~~^~~~~~
/home/fmt/include/fmt/core.h:1842:18:   required from ‘std::string fmt::v10::format(format_string<T ...>, T&& ...) [with T = {std::chrono::duration<int, std::ratio<1000000, 1> >}; std::string = std::__cxx11::basic_string<char>; format_string<T ...> = basic_format_string<char, std::chrono::duration<int, std::ratio<1000000, 1> > >]’
 1842 |   return {args...};
      |                  ^
/home/fmt/test/chrono-test.cc:447:3:   required from here
  448 |             fmt::format("{}", std::chrono::duration<int, std::mega>(42)));
      |             ~~~~~~~~~~~^~~~~~~~~~~~~~~~~~~~~~~~~~~~~~~~~~~~~~~~~~~~~~~~~
/home/fmt/include/fmt/chrono.h:1688:19: error: cannot resolve overloaded function ‘get_units’ based on conversion to type ‘const char*’
 1688 |   if (const char* unit = get_units<Period>)
      |                   ^~~~
/home/fmt/include/fmt/chrono.h: In instantiation of ‘OutputIt fmt::v10::detail::format_duration_unit(OutputIt) [with Char = char; Period = std::ratio<1000000000, 1>; OutputIt = std::back_insert_iterator<fmt::v10::basic_memory_buffer<char> >]’:
/home/fmt/include/fmt/chrono.h:2056:49:   required from ‘decltype (ctx.out()) fmt::v10::formatter<std::chrono::duration<_Rep1, _Period1>, Char>::format(std::chrono::duration<_Rep1, _Period1>, FormatContext&) const [with FormatContext = fmt::v10::basic_format_context<fmt::v10::appender, char>; Rep = int; Period = std::ratio<1000000000, 1>; Char = char; decltype (ctx.out()) = fmt::v10::appender]’
 2056 |       detail::format_duration_unit<Char, Period>(out);
      |       ~~~~~~~~~~~~~~~~~~~~~~~~~~~~~~~~~~~~~~~~~~^~~~~
/home/fmt/include/fmt/core.h:1322:28:   required from ‘static void fmt::v10::detail::value<Context>::format_custom_arg(void*, typename Context::parse_context_type&, Context&) [with T = std::chrono::duration<int, std::ratio<1000000000, 1> >; Formatter = fmt::v10::formatter<std::chrono::duration<int, std::ratio<1000000000, 1> >, char, void>; Context = fmt::v10::basic_format_context<fmt::v10::appender, char>; typename Context::parse_context_type = fmt::v10::basic_format_parse_context<char>]’
 1322 |     ctx.advance_to(f.format(*static_cast<qualified_type*>(arg), ctx));
      |                    ~~~~~~~~^~~~~~~~~~~~~~~~~~~~~~~~~~~~~~~~~~~~~~~~~
/home/fmt/include/fmt/core.h:1304:19:   required from ‘fmt::v10::detail::value<Context>::value(T&) [with T = std::chrono::duration<int, std::ratio<1000000000, 1> >; Context = fmt::v10::basic_format_context<fmt::v10::appender, char>]’
 1304 |     custom.format = format_custom_arg<
      |     ~~~~~~~~~~~~~~^~~~~~~~~~~~~~~~~~~~
 1305 |         value_type, typename Context::template formatter_type<value_type>>;
      |         ~~~~~~~~~~~~~~~~~~~~~~~~~~~~~~~~~~~~~~~~~~~~~~~~~~~~~~~~~~~~~~~~~~
/home/fmt/include/fmt/core.h:1599:41:   required from ‘constexpr fmt::v10::detail::value<Context> fmt::v10::detail::make_arg(T&) [with bool PACKED = true; Context = fmt::v10::basic_format_context<fmt::v10::appender, char>; T = std::chrono::duration<int, std::ratio<1000000000, 1> >; typename std::enable_if<PACKED, int>::type <anonymous> = 0]’
 1599 |   return {arg_mapper<Context>().map(val)};
      |                                         ^
/home/fmt/include/fmt/core.h:1824:51:   required from ‘constexpr fmt::v10::format_arg_store<Context, Args>::format_arg_store(T& ...) [with T = {std::chrono::duration<int, std::ratio<1000000000, 1> >}; Context = fmt::v10::basic_format_context<fmt::v10::appender, char>; Args = {std::chrono::duration<int, std::ratio<1000000000, 1> >}]’
 1824 |         data_{detail::make_arg<is_packed, Context>(args)...} {
      |               ~~~~~~~~~~~~~~~~~~~~~~~~~~~~~~~~~~~~^~~~~~
/home/fmt/include/fmt/core.h:1842:18:   required from ‘std::string fmt::v10::format(format_string<T ...>, T&& ...) [with T = {std::chrono::duration<int, std::ratio<1000000000, 1> >}; std::string = std::__cxx11::basic_string<char>; format_string<T ...> = basic_format_string<char, std::chrono::duration<int, std::ratio<1000000000, 1> > >]’
 1842 |   return {args...};
      |                  ^
/home/fmt/test/chrono-test.cc:449:3:   required from here
  450 |             fmt::format("{}", std::chrono::duration<int, std::giga>(42)));
      |             ~~~~~~~~~~~^~~~~~~~~~~~~~~~~~~~~~~~~~~~~~~~~~~~~~~~~~~~~~~~~
/home/fmt/include/fmt/chrono.h:1688:19: error: cannot resolve overloaded function ‘get_units’ based on conversion to type ‘const char*’
 1688 |   if (const char* unit = get_units<Period>)
      |                   ^~~~
/home/fmt/include/fmt/chrono.h: In instantiation of ‘OutputIt fmt::v10::detail::format_duration_unit(OutputIt) [with Char = char; Period = std::ratio<1000000000000, 1>; OutputIt = std::back_insert_iterator<fmt::v10::basic_memory_buffer<char> >]’:
/home/fmt/include/fmt/chrono.h:2056:49:   required from ‘decltype (ctx.out()) fmt::v10::formatter<std::chrono::duration<_Rep1, _Period1>, Char>::format(std::chrono::duration<_Rep1, _Period1>, FormatContext&) const [with FormatContext = fmt::v10::basic_format_context<fmt::v10::appender, char>; Rep = int; Period = std::ratio<1000000000000, 1>; Char = char; decltype (ctx.out()) = fmt::v10::appender]’
 2056 |       detail::format_duration_unit<Char, Period>(out);
      |       ~~~~~~~~~~~~~~~~~~~~~~~~~~~~~~~~~~~~~~~~~~^~~~~
/home/fmt/include/fmt/core.h:1322:28:   required from ‘static void fmt::v10::detail::value<Context>::format_custom_arg(void*, typename Context::parse_context_type&, Context&) [with T = std::chrono::duration<int, std::ratio<1000000000000, 1> >; Formatter = fmt::v10::formatter<std::chrono::duration<int, std::ratio<1000000000000, 1> >, char, void>; Context = fmt::v10::basic_format_context<fmt::v10::appender, char>; typename Context::parse_context_type = fmt::v10::basic_format_parse_context<char>]’
 1322 |     ctx.advance_to(f.format(*static_cast<qualified_type*>(arg), ctx));
      |                    ~~~~~~~~^~~~~~~~~~~~~~~~~~~~~~~~~~~~~~~~~~~~~~~~~
/home/fmt/include/fmt/core.h:1304:19:   required from ‘fmt::v10::detail::value<Context>::value(T&) [with T = std::chrono::duration<int, std::ratio<1000000000000, 1> >; Context = fmt::v10::basic_format_context<fmt::v10::appender, char>]’
 1304 |     custom.format = format_custom_arg<
      |     ~~~~~~~~~~~~~~^~~~~~~~~~~~~~~~~~~~
 1305 |         value_type, typename Context::template formatter_type<value_type>>;
      |         ~~~~~~~~~~~~~~~~~~~~~~~~~~~~~~~~~~~~~~~~~~~~~~~~~~~~~~~~~~~~~~~~~~
/home/fmt/include/fmt/core.h:1599:41:   required from ‘constexpr fmt::v10::detail::value<Context> fmt::v10::detail::make_arg(T&) [with bool PACKED = true; Context = fmt::v10::basic_format_context<fmt::v10::appender, char>; T = std::chrono::duration<int, std::ratio<1000000000000, 1> >; typename std::enable_if<PACKED, int>::type <anonymous> = 0]’
 1599 |   return {arg_mapper<Context>().map(val)};
      |                                         ^
/home/fmt/include/fmt/core.h:1824:51:   required from ‘constexpr fmt::v10::format_arg_store<Context, Args>::format_arg_store(T& ...) [with T = {std::chrono::duration<int, std::ratio<1000000000000, 1> >}; Context = fmt::v10::basic_format_context<fmt::v10::appender, char>; Args = {std::chrono::duration<int, std::ratio<1000000000000, 1> >}]’
 1824 |         data_{detail::make_arg<is_packed, Context>(args)...} {
      |               ~~~~~~~~~~~~~~~~~~~~~~~~~~~~~~~~~~~~^~~~~~
/home/fmt/include/fmt/core.h:1842:18:   required from ‘std::string fmt::v10::format(format_string<T ...>, T&& ...) [with T = {std::chrono::duration<int, std::ratio<1000000000000, 1> >}; std::string = std::__cxx11::basic_string<char>; format_string<T ...> = basic_format_string<char, std::chrono::duration<int, std::ratio<1000000000000, 1> > >]’
 1842 |   return {args...};
      |                  ^
/home/fmt/test/chrono-test.cc:451:3:   required from here
  452 |             fmt::format("{}", std::chrono::duration<int, std::tera>(42)));
      |             ~~~~~~~~~~~^~~~~~~~~~~~~~~~~~~~~~~~~~~~~~~~~~~~~~~~~~~~~~~~~
/home/fmt/include/fmt/chrono.h:1688:19: error: cannot resolve overloaded function ‘get_units’ based on conversion to type ‘const char*’
 1688 |   if (const char* unit = get_units<Period>)
      |                   ^~~~
/home/fmt/include/fmt/chrono.h: In instantiation of ‘OutputIt fmt::v10::detail::format_duration_unit(OutputIt) [with Char = char; Period = std::ratio<1000000000000000, 1>; OutputIt = std::back_insert_iterator<fmt::v10::basic_memory_buffer<char> >]’:
/home/fmt/include/fmt/chrono.h:2056:49:   required from ‘decltype (ctx.out()) fmt::v10::formatter<std::chrono::duration<_Rep1, _Period1>, Char>::format(std::chrono::duration<_Rep1, _Period1>, FormatContext&) const [with FormatContext = fmt::v10::basic_format_context<fmt::v10::appender, char>; Rep = int; Period = std::ratio<1000000000000000, 1>; Char = char; decltype (ctx.out()) = fmt::v10::appender]’
 2056 |       detail::format_duration_unit<Char, Period>(out);
      |       ~~~~~~~~~~~~~~~~~~~~~~~~~~~~~~~~~~~~~~~~~~^~~~~
/home/fmt/include/fmt/core.h:1322:28:   required from ‘static void fmt::v10::detail::value<Context>::format_custom_arg(void*, typename Context::parse_context_type&, Context&) [with T = std::chrono::duration<int, std::ratio<1000000000000000, 1> >; Formatter = fmt::v10::formatter<std::chrono::duration<int, std::ratio<1000000000000000, 1> >, char, void>; Context = fmt::v10::basic_format_context<fmt::v10::appender, char>; typename Context::parse_context_type = fmt::v10::basic_format_parse_context<char>]’
 1322 |     ctx.advance_to(f.format(*static_cast<qualified_type*>(arg), ctx));
      |                    ~~~~~~~~^~~~~~~~~~~~~~~~~~~~~~~~~~~~~~~~~~~~~~~~~
/home/fmt/include/fmt/core.h:1304:19:   required from ‘fmt::v10::detail::value<Context>::value(T&) [with T = std::chrono::duration<int, std::ratio<1000000000000000, 1> >; Context = fmt::v10::basic_format_context<fmt::v10::appender, char>]’
 1304 |     custom.format = format_custom_arg<
      |     ~~~~~~~~~~~~~~^~~~~~~~~~~~~~~~~~~~
 1305 |         value_type, typename Context::template formatter_type<value_type>>;
      |         ~~~~~~~~~~~~~~~~~~~~~~~~~~~~~~~~~~~~~~~~~~~~~~~~~~~~~~~~~~~~~~~~~~
/home/fmt/include/fmt/core.h:1599:41:   required from ‘constexpr fmt::v10::detail::value<Context> fmt::v10::detail::make_arg(T&) [with bool PACKED = true; Context = fmt::v10::basic_format_context<fmt::v10::appender, char>; T = std::chrono::duration<int, std::ratio<1000000000000000, 1> >; typename std::enable_if<PACKED, int>::type <anonymous> = 0]’
 1599 |   return {arg_mapper<Context>().map(val)};
      |                                         ^
/home/fmt/include/fmt/core.h:1824:51:   required from ‘constexpr fmt::v10::format_arg_store<Context, Args>::format_arg_store(T& ...) [with T = {std::chrono::duration<int, std::ratio<1000000000000000, 1> >}; Context = fmt::v10::basic_format_context<fmt::v10::appender, char>; Args = {std::chrono::duration<int, std::ratio<1000000000000000, 1> >}]’
 1824 |         data_{detail::make_arg<is_packed, Context>(args)...} {
      |               ~~~~~~~~~~~~~~~~~~~~~~~~~~~~~~~~~~~~^~~~~~
/home/fmt/include/fmt/core.h:1842:18:   required from ‘std::string fmt::v10::format(format_string<T ...>, T&& ...) [with T = {std::chrono::duration<int, std::ratio<1000000000000000, 1> >}; std::string = std::__cxx11::basic_string<char>; format_string<T ...> = basic_format_string<char, std::chrono::duration<int, std::ratio<1000000000000000, 1> > >]’
 1842 |   return {args...};
      |                  ^
/home/fmt/test/chrono-test.cc:453:3:   required from here
  454 |             fmt::format("{}", std::chrono::duration<int, std::peta>(42)));
      |             ~~~~~~~~~~~^~~~~~~~~~~~~~~~~~~~~~~~~~~~~~~~~~~~~~~~~~~~~~~~~
/home/fmt/include/fmt/chrono.h:1688:19: error: cannot resolve overloaded function ‘get_units’ based on conversion to type ‘const char*’
 1688 |   if (const char* unit = get_units<Period>)
      |                   ^~~~
/home/fmt/include/fmt/chrono.h: In instantiation of ‘OutputIt fmt::v10::detail::format_duration_unit(OutputIt) [with Char = char; Period = std::ratio<1000000000000000000, 1>; OutputIt = std::back_insert_iterator<fmt::v10::basic_memory_buffer<char> >]’:
/home/fmt/include/fmt/chrono.h:2056:49:   required from ‘decltype (ctx.out()) fmt::v10::formatter<std::chrono::duration<_Rep1, _Period1>, Char>::format(std::chrono::duration<_Rep1, _Period1>, FormatContext&) const [with FormatContext = fmt::v10::basic_format_context<fmt::v10::appender, char>; Rep = int; Period = std::ratio<1000000000000000000, 1>; Char = char; decltype (ctx.out()) = fmt::v10::appender]’
 2056 |       detail::format_duration_unit<Char, Period>(out);
      |       ~~~~~~~~~~~~~~~~~~~~~~~~~~~~~~~~~~~~~~~~~~^~~~~
/home/fmt/include/fmt/core.h:1322:28:   required from ‘static void fmt::v10::detail::value<Context>::format_custom_arg(void*, typename Context::parse_context_type&, Context&) [with T = std::chrono::duration<int, std::ratio<1000000000000000000, 1> >; Formatter = fmt::v10::formatter<std::chrono::duration<int, std::ratio<1000000000000000000, 1> >, char, void>; Context = fmt::v10::basic_format_context<fmt::v10::appender, char>; typename Context::parse_context_type = fmt::v10::basic_format_parse_context<char>]’
 1322 |     ctx.advance_to(f.format(*static_cast<qualified_type*>(arg), ctx));
      |                    ~~~~~~~~^~~~~~~~~~~~~~~~~~~~~~~~~~~~~~~~~~~~~~~~~
/home/fmt/include/fmt/core.h:1304:19:   required from ‘fmt::v10::detail::value<Context>::value(T&) [with T = std::chrono::duration<int, std::ratio<1000000000000000000, 1> >; Context = fmt::v10::basic_format_context<fmt::v10::appender, char>]’
 1304 |     custom.format = format_custom_arg<
      |     ~~~~~~~~~~~~~~^~~~~~~~~~~~~~~~~~~~
 1305 |         value_type, typename Context::template formatter_type<value_type>>;
      |         ~~~~~~~~~~~~~~~~~~~~~~~~~~~~~~~~~~~~~~~~~~~~~~~~~~~~~~~~~~~~~~~~~~
/home/fmt/include/fmt/core.h:1599:41:   required from ‘constexpr fmt::v10::detail::value<Context> fmt::v10::detail::make_arg(T&) [with bool PACKED = true; Context = fmt::v10::basic_format_context<fmt::v10::appender, char>; T = std::chrono::duration<int, std::ratio<1000000000000000000, 1> >; typename std::enable_if<PACKED, int>::type <anonymous> = 0]’
 1599 |   return {arg_mapper<Context>().map(val)};
      |                                         ^
/home/fmt/include/fmt/core.h:1824:51:   required from ‘constexpr fmt::v10::format_arg_store<Context, Args>::format_arg_store(T& ...) [with T = {std::chrono::duration<int, std::ratio<1000000000000000000, 1> >}; Context = fmt::v10::basic_format_context<fmt::v10::appender, char>; Args = {std::chrono::duration<int, std::ratio<1000000000000000000, 1> >}]’
 1824 |         data_{detail::make_arg<is_packed, Context>(args)...} {
      |               ~~~~~~~~~~~~~~~~~~~~~~~~~~~~~~~~~~~~^~~~~~
/home/fmt/include/fmt/core.h:1842:18:   required from ‘std::string fmt::v10::format(format_string<T ...>, T&& ...) [with T = {std::chrono::duration<int, std::ratio<1000000000000000000, 1> >}; std::string = std::__cxx11::basic_string<char>; format_string<T ...> = basic_format_string<char, std::chrono::duration<int, std::ratio<1000000000000000000, 1> > >]’
 1842 |   return {args...};
      |                  ^
/home/fmt/test/chrono-test.cc:455:3:   required from here
  456 |             fmt::format("{}", std::chrono::duration<int, std::exa>(42)));
      |             ~~~~~~~~~~~^~~~~~~~~~~~~~~~~~~~~~~~~~~~~~~~~~~~~~~~~~~~~~~~
/home/fmt/include/fmt/chrono.h:1688:19: error: cannot resolve overloaded function ‘get_units’ based on conversion to type ‘const char*’
 1688 |   if (const char* unit = get_units<Period>)
      |                   ^~~~
/home/fmt/include/fmt/chrono.h: In instantiation of ‘OutputIt fmt::v10::detail::format_duration_unit(OutputIt) [with Char = char; Period = std::ratio<60>; OutputIt = std::back_insert_iterator<fmt::v10::basic_memory_buffer<char> >]’:
/home/fmt/include/fmt/chrono.h:2056:49:   required from ‘decltype (ctx.out()) fmt::v10::formatter<std::chrono::duration<_Rep1, _Period1>, Char>::format(std::chrono::duration<_Rep1, _Period1>, FormatContext&) const [with FormatContext = fmt::v10::basic_format_context<fmt::v10::appender, char>; Rep = long int; Period = std::ratio<60>; Char = char; decltype (ctx.out()) = fmt::v10::appender]’
 2056 |       detail::format_duration_unit<Char, Period>(out);
      |       ~~~~~~~~~~~~~~~~~~~~~~~~~~~~~~~~~~~~~~~~~~^~~~~
/home/fmt/include/fmt/core.h:1322:28:   required from ‘static void fmt::v10::detail::value<Context>::format_custom_arg(void*, typename Context::parse_context_type&, Context&) [with T = std::chrono::duration<long int, std::ratio<60> >; Formatter = fmt::v10::formatter<std::chrono::duration<long int, std::ratio<60> >, char, void>; Context = fmt::v10::basic_format_context<fmt::v10::appender, char>; typename Context::parse_context_type = fmt::v10::basic_format_parse_context<char>]’
 1322 |     ctx.advance_to(f.format(*static_cast<qualified_type*>(arg), ctx));
      |                    ~~~~~~~~^~~~~~~~~~~~~~~~~~~~~~~~~~~~~~~~~~~~~~~~~
/home/fmt/include/fmt/core.h:1304:19:   required from ‘fmt::v10::detail::value<Context>::value(T&) [with T = std::chrono::duration<long int, std::ratio<60> >; Context = fmt::v10::basic_format_context<fmt::v10::appender, char>]’
 1304 |     custom.format = format_custom_arg<
      |     ~~~~~~~~~~~~~~^~~~~~~~~~~~~~~~~~~~
 1305 |         value_type, typename Context::template formatter_type<value_type>>;
      |         ~~~~~~~~~~~~~~~~~~~~~~~~~~~~~~~~~~~~~~~~~~~~~~~~~~~~~~~~~~~~~~~~~~
/home/fmt/include/fmt/core.h:1599:41:   required from ‘constexpr fmt::v10::detail::value<Context> fmt::v10::detail::make_arg(T&) [with bool PACKED = true; Context = fmt::v10::basic_format_context<fmt::v10::appender, char>; T = std::chrono::duration<long int, std::ratio<60> >; typename std::enable_if<PACKED, int>::type <anonymous> = 0]’
 1599 |   return {arg_mapper<Context>().map(val)};
      |                                         ^
/home/fmt/include/fmt/core.h:1824:51:   required from ‘constexpr fmt::v10::format_arg_store<Context, Args>::format_arg_store(T& ...) [with T = {std::chrono::duration<long int, std::ratio<60, 1> >}; Context = fmt::v10::basic_format_context<fmt::v10::appender, char>; Args = {std::chrono::duration<long int, std::ratio<60, 1> >}]’
 1824 |         data_{detail::make_arg<is_packed, Context>(args)...} {
      |               ~~~~~~~~~~~~~~~~~~~~~~~~~~~~~~~~~~~~^~~~~~
/home/fmt/include/fmt/core.h:1842:18:   required from ‘std::string fmt::v10::format(format_string<T ...>, T&& ...) [with T = {std::chrono::duration<long int, std::ratio<60, 1> >}; std::string = std::__cxx11::basic_string<char>; format_string<T ...> = basic_format_string<char, std::chrono::duration<long int, std::ratio<60, 1> > >]’
 1842 |   return {args...};
      |                  ^
/home/fmt/test/chrono-test.cc:457:3:   required from here
  457 |   EXPECT_EQ("42min", fmt::format("{}", std::chrono::minutes(42)));
      |                      ~~~~~~~~~~~^~~~~~~~~~~~~~~~~~~~~~~~~~~~~~~~
/home/fmt/include/fmt/chrono.h:1688:19: error: cannot resolve overloaded function ‘get_units’ based on conversion to type ‘const char*’
 1688 |   if (const char* unit = get_units<Period>)
      |                   ^~~~
/home/fmt/include/fmt/chrono.h: In instantiation of ‘OutputIt fmt::v10::detail::format_duration_unit(OutputIt) [with Char = char; Period = std::ratio<3600>; OutputIt = std::back_insert_iterator<fmt::v10::basic_memory_buffer<char> >]’:
/home/fmt/include/fmt/chrono.h:2056:49:   required from ‘decltype (ctx.out()) fmt::v10::formatter<std::chrono::duration<_Rep1, _Period1>, Char>::format(std::chrono::duration<_Rep1, _Period1>, FormatContext&) const [with FormatContext = fmt::v10::basic_format_context<fmt::v10::appender, char>; Rep = long int; Period = std::ratio<3600>; Char = char; decltype (ctx.out()) = fmt::v10::appender]’
 2056 |       detail::format_duration_unit<Char, Period>(out);
      |       ~~~~~~~~~~~~~~~~~~~~~~~~~~~~~~~~~~~~~~~~~~^~~~~
/home/fmt/include/fmt/core.h:1322:28:   required from ‘static void fmt::v10::detail::value<Context>::format_custom_arg(void*, typename Context::parse_context_type&, Context&) [with T = std::chrono::duration<long int, std::ratio<3600> >; Formatter = fmt::v10::formatter<std::chrono::duration<long int, std::ratio<3600> >, char, void>; Context = fmt::v10::basic_format_context<fmt::v10::appender, char>; typename Context::parse_context_type = fmt::v10::basic_format_parse_context<char>]’
 1322 |     ctx.advance_to(f.format(*static_cast<qualified_type*>(arg), ctx));
      |                    ~~~~~~~~^~~~~~~~~~~~~~~~~~~~~~~~~~~~~~~~~~~~~~~~~
/home/fmt/include/fmt/core.h:1304:19:   required from ‘fmt::v10::detail::value<Context>::value(T&) [with T = std::chrono::duration<long int, std::ratio<3600> >; Context = fmt::v10::basic_format_context<fmt::v10::appender, char>]’
 1304 |     custom.format = format_custom_arg<
      |     ~~~~~~~~~~~~~~^~~~~~~~~~~~~~~~~~~~
 1305 |         value_type, typename Context::template formatter_type<value_type>>;
      |         ~~~~~~~~~~~~~~~~~~~~~~~~~~~~~~~~~~~~~~~~~~~~~~~~~~~~~~~~~~~~~~~~~~
/home/fmt/include/fmt/core.h:1599:41:   required from ‘constexpr fmt::v10::detail::value<Context> fmt::v10::detail::make_arg(T&) [with bool PACKED = true; Context = fmt::v10::basic_format_context<fmt::v10::appender, char>; T = std::chrono::duration<long int, std::ratio<3600> >; typename std::enable_if<PACKED, int>::type <anonymous> = 0]’
 1599 |   return {arg_mapper<Context>().map(val)};
      |                                         ^
/home/fmt/include/fmt/core.h:1824:51:   required from ‘constexpr fmt::v10::format_arg_store<Context, Args>::format_arg_store(T& ...) [with T = {std::chrono::duration<long int, std::ratio<3600, 1> >}; Context = fmt::v10::basic_format_context<fmt::v10::appender, char>; Args = {std::chrono::duration<long int, std::ratio<3600, 1> >}]’
 1824 |         data_{detail::make_arg<is_packed, Context>(args)...} {
      |               ~~~~~~~~~~~~~~~~~~~~~~~~~~~~~~~~~~~~^~~~~~
/home/fmt/include/fmt/core.h:1842:18:   required from ‘std::string fmt::v10::format(format_string<T ...>, T&& ...) [with T = {std::chrono::duration<long int, std::ratio<3600, 1> >}; std::string = std::__cxx11::basic_string<char>; format_string<T ...> = basic_format_string<char, std::chrono::duration<long int, std::ratio<3600, 1> > >]’
 1842 |   return {args...};
      |                  ^
/home/fmt/test/chrono-test.cc:458:3:   required from here
  458 |   EXPECT_EQ("42h", fmt::format("{}", std::chrono::hours(42)));
      |                    ~~~~~~~~~~~^~~~~~~~~~~~~~~~~~~~~~~~~~~~~~
/home/fmt/include/fmt/chrono.h:1688:19: error: cannot resolve overloaded function ‘get_units’ based on conversion to type ‘const char*’
 1688 |   if (const char* unit = get_units<Period>)
      |                   ^~~~
/home/fmt/include/fmt/chrono.h: In instantiation of ‘OutputIt fmt::v10::detail::format_duration_unit(OutputIt) [with Char = char; Period = std::ratio<15, 1>; OutputIt = std::back_insert_iterator<fmt::v10::basic_memory_buffer<char> >]’:
/home/fmt/include/fmt/chrono.h:2056:49:   required from ‘decltype (ctx.out()) fmt::v10::formatter<std::chrono::duration<_Rep1, _Period1>, Char>::format(std::chrono::duration<_Rep1, _Period1>, FormatContext&) const [with FormatContext = fmt::v10::basic_format_context<fmt::v10::appender, char>; Rep = int; Period = std::ratio<15, 1>; Char = char; decltype (ctx.out()) = fmt::v10::appender]’
 2056 |       detail::format_duration_unit<Char, Period>(out);
      |       ~~~~~~~~~~~~~~~~~~~~~~~~~~~~~~~~~~~~~~~~~~^~~~~
/home/fmt/include/fmt/core.h:1322:28:   required from ‘static void fmt::v10::detail::value<Context>::format_custom_arg(void*, typename Context::parse_context_type&, Context&) [with T = std::chrono::duration<int, std::ratio<15, 1> >; Formatter = fmt::v10::formatter<std::chrono::duration<int, std::ratio<15, 1> >, char, void>; Context = fmt::v10::basic_format_context<fmt::v10::appender, char>; typename Context::parse_context_type = fmt::v10::basic_format_parse_context<char>]’
 1322 |     ctx.advance_to(f.format(*static_cast<qualified_type*>(arg), ctx));
      |                    ~~~~~~~~^~~~~~~~~~~~~~~~~~~~~~~~~~~~~~~~~~~~~~~~~
/home/fmt/include/fmt/core.h:1304:19:   required from ‘fmt::v10::detail::value<Context>::value(T&) [with T = std::chrono::duration<int, std::ratio<15, 1> >; Context = fmt::v10::basic_format_context<fmt::v10::appender, char>]’
 1304 |     custom.format = format_custom_arg<
      |     ~~~~~~~~~~~~~~^~~~~~~~~~~~~~~~~~~~
 1305 |         value_type, typename Context::template formatter_type<value_type>>;
      |         ~~~~~~~~~~~~~~~~~~~~~~~~~~~~~~~~~~~~~~~~~~~~~~~~~~~~~~~~~~~~~~~~~~
/home/fmt/include/fmt/core.h:1599:41:   required from ‘constexpr fmt::v10::detail::value<Context> fmt::v10::detail::make_arg(T&) [with bool PACKED = true; Context = fmt::v10::basic_format_context<fmt::v10::appender, char>; T = std::chrono::duration<int, std::ratio<15, 1> >; typename std::enable_if<PACKED, int>::type <anonymous> = 0]’
 1599 |   return {arg_mapper<Context>().map(val)};
      |                                         ^
/home/fmt/include/fmt/core.h:1824:51:   required from ‘constexpr fmt::v10::format_arg_store<Context, Args>::format_arg_store(T& ...) [with T = {std::chrono::duration<int, std::ratio<15, 1> >}; Context = fmt::v10::basic_format_context<fmt::v10::appender, char>; Args = {std::chrono::duration<int, std::ratio<15, 1> >}]’
 1824 |         data_{detail::make_arg<is_packed, Context>(args)...} {
      |               ~~~~~~~~~~~~~~~~~~~~~~~~~~~~~~~~~~~~^~~~~~
/home/fmt/include/fmt/core.h:1842:18:   required from ‘std::string fmt::v10::format(format_string<T ...>, T&& ...) [with T = {std::chrono::duration<int, std::ratio<15, 1> >}; std::string = std::__cxx11::basic_string<char>; format_string<T ...> = basic_format_string<char, std::chrono::duration<int, std::ratio<15, 1> > >]’
 1842 |   return {args...};
      |                  ^
/home/fmt/test/chrono-test.cc:462:3:   required from here
  464 |       fmt::format("{}", std::chrono::duration<int, std::ratio<15, 1>>(42)));
      |       ~~~~~~~~~~~^~~~~~~~~~~~~~~~~~~~~~~~~~~~~~~~~~~~~~~~~~~~~~~~~~~~~~~~~
/home/fmt/include/fmt/chrono.h:1688:19: error: cannot resolve overloaded function ‘get_units’ based on conversion to type ‘const char*’
 1688 |   if (const char* unit = get_units<Period>)
      |                   ^~~~
/home/fmt/include/fmt/chrono.h: In instantiation of ‘OutputIt fmt::v10::detail::format_duration_unit(OutputIt) [with Char = char; Period = std::ratio<15, 4>; OutputIt = std::back_insert_iterator<fmt::v10::basic_memory_buffer<char> >]’:
/home/fmt/include/fmt/chrono.h:2056:49:   required from ‘decltype (ctx.out()) fmt::v10::formatter<std::chrono::duration<_Rep1, _Period1>, Char>::format(std::chrono::duration<_Rep1, _Period1>, FormatContext&) const [with FormatContext = fmt::v10::basic_format_context<fmt::v10::appender, char>; Rep = int; Period = std::ratio<15, 4>; Char = char; decltype (ctx.out()) = fmt::v10::appender]’
 2056 |       detail::format_duration_unit<Char, Period>(out);
      |       ~~~~~~~~~~~~~~~~~~~~~~~~~~~~~~~~~~~~~~~~~~^~~~~
/home/fmt/include/fmt/core.h:1322:28:   required from ‘static void fmt::v10::detail::value<Context>::format_custom_arg(void*, typename Context::parse_context_type&, Context&) [with T = std::chrono::duration<int, std::ratio<15, 4> >; Formatter = fmt::v10::formatter<std::chrono::duration<int, std::ratio<15, 4> >, char, void>; Context = fmt::v10::basic_format_context<fmt::v10::appender, char>; typename Context::parse_context_type = fmt::v10::basic_format_parse_context<char>]’
 1322 |     ctx.advance_to(f.format(*static_cast<qualified_type*>(arg), ctx));
      |                    ~~~~~~~~^~~~~~~~~~~~~~~~~~~~~~~~~~~~~~~~~~~~~~~~~
/home/fmt/include/fmt/core.h:1304:19:   required from ‘fmt::v10::detail::value<Context>::value(T&) [with T = std::chrono::duration<int, std::ratio<15, 4> >; Context = fmt::v10::basic_format_context<fmt::v10::appender, char>]’
 1304 |     custom.format = format_custom_arg<
      |     ~~~~~~~~~~~~~~^~~~~~~~~~~~~~~~~~~~
 1305 |         value_type, typename Context::template formatter_type<value_type>>;
      |         ~~~~~~~~~~~~~~~~~~~~~~~~~~~~~~~~~~~~~~~~~~~~~~~~~~~~~~~~~~~~~~~~~~
/home/fmt/include/fmt/core.h:1599:41:   required from ‘constexpr fmt::v10::detail::value<Context> fmt::v10::detail::make_arg(T&) [with bool PACKED = true; Context = fmt::v10::basic_format_context<fmt::v10::appender, char>; T = std::chrono::duration<int, std::ratio<15, 4> >; typename std::enable_if<PACKED, int>::type <anonymous> = 0]’
 1599 |   return {arg_mapper<Context>().map(val)};
      |                                         ^
/home/fmt/include/fmt/core.h:1824:51:   required from ‘constexpr fmt::v10::format_arg_store<Context, Args>::format_arg_store(T& ...) [with T = {std::chrono::duration<int, std::ratio<15, 4> >}; Context = fmt::v10::basic_format_context<fmt::v10::appender, char>; Args = {std::chrono::duration<int, std::ratio<15, 4> >}]’
 1824 |         data_{detail::make_arg<is_packed, Context>(args)...} {
      |               ~~~~~~~~~~~~~~~~~~~~~~~~~~~~~~~~~~~~^~~~~~
/home/fmt/include/fmt/core.h:1842:18:   required from ‘std::string fmt::v10::format(format_string<T ...>, T&& ...) [with T = {std::chrono::duration<int, std::ratio<15, 4> >}; std::string = std::__cxx11::basic_string<char>; format_string<T ...> = basic_format_string<char, std::chrono::duration<int, std::ratio<15, 4> > >]’
 1842 |   return {args...};
      |                  ^
/home/fmt/test/chrono-test.cc:465:3:   required from here
  467 |       fmt::format("{}", std::chrono::duration<int, std::ratio<15, 4>>(42)));
      |       ~~~~~~~~~~~^~~~~~~~~~~~~~~~~~~~~~~~~~~~~~~~~~~~~~~~~~~~~~~~~~~~~~~~~
/home/fmt/include/fmt/chrono.h:1688:19: error: cannot resolve overloaded function ‘get_units’ based on conversion to type ‘const char*’
 1688 |   if (const char* unit = get_units<Period>)
      |                   ^~~~
/home/fmt/include/fmt/chrono.h: In instantiation of ‘OutputIt fmt::v10::detail::format_duration_unit(OutputIt) [with Char = char; Period = std::ratio<1, 3>; OutputIt = std::back_insert_iterator<fmt::v10::basic_memory_buffer<char> >]’:
/home/fmt/include/fmt/chrono.h:2056:49:   required from ‘decltype (ctx.out()) fmt::v10::formatter<std::chrono::duration<_Rep1, _Period1>, Char>::format(std::chrono::duration<_Rep1, _Period1>, FormatContext&) const [with FormatContext = fmt::v10::basic_format_context<fmt::v10::appender, char>; Rep = long long int; Period = std::ratio<1, 3>; Char = char; decltype (ctx.out()) = fmt::v10::appender]’
 2056 |       detail::format_duration_unit<Char, Period>(out);
      |       ~~~~~~~~~~~~~~~~~~~~~~~~~~~~~~~~~~~~~~~~~~^~~~~
/home/fmt/include/fmt/core.h:1322:28:   required from ‘static void fmt::v10::detail::value<Context>::format_custom_arg(void*, typename Context::parse_context_type&, Context&) [with T = std::chrono::duration<long long int, std::ratio<1, 3> >; Formatter = fmt::v10::formatter<std::chrono::duration<long long int, std::ratio<1, 3> >, char, void>; Context = fmt::v10::basic_format_context<fmt::v10::appender, char>; typename Context::parse_context_type = fmt::v10::basic_format_parse_context<char>]’
 1322 |     ctx.advance_to(f.format(*static_cast<qualified_type*>(arg), ctx));
      |                    ~~~~~~~~^~~~~~~~~~~~~~~~~~~~~~~~~~~~~~~~~~~~~~~~~
/home/fmt/include/fmt/core.h:1304:19:   required from ‘fmt::v10::detail::value<Context>::value(T&) [with T = std::chrono::duration<long long int, std::ratio<1, 3> >; Context = fmt::v10::basic_format_context<fmt::v10::appender, char>]’
 1304 |     custom.format = format_custom_arg<
      |     ~~~~~~~~~~~~~~^~~~~~~~~~~~~~~~~~~~
 1305 |         value_type, typename Context::template formatter_type<value_type>>;
      |         ~~~~~~~~~~~~~~~~~~~~~~~~~~~~~~~~~~~~~~~~~~~~~~~~~~~~~~~~~~~~~~~~~~
/home/fmt/include/fmt/core.h:1599:41:   required from ‘constexpr fmt::v10::detail::value<Context> fmt::v10::detail::make_arg(T&) [with bool PACKED = true; Context = fmt::v10::basic_format_context<fmt::v10::appender, char>; T = std::chrono::duration<long long int, std::ratio<1, 3> >; typename std::enable_if<PACKED, int>::type <anonymous> = 0]’
 1599 |   return {arg_mapper<Context>().map(val)};
      |                                         ^
/home/fmt/include/fmt/core.h:1824:51:   required from ‘constexpr fmt::v10::format_arg_store<Context, Args>::format_arg_store(T& ...) [with T = {std::chrono::duration<long long int, std::ratio<1, 3> >}; Context = fmt::v10::basic_format_context<fmt::v10::appender, char>; Args = {std::chrono::duration<long long int, std::ratio<1, 3> >}]’
 1824 |         data_{detail::make_arg<is_packed, Context>(args)...} {
      |               ~~~~~~~~~~~~~~~~~~~~~~~~~~~~~~~~~~~~^~~~~~
/home/fmt/include/fmt/core.h:1842:18:   required from ‘std::string fmt::v10::format(format_string<T ...>, T&& ...) [with T = {std::chrono::duration<long long int, std::ratio<1, 3> >}; std::string = std::__cxx11::basic_string<char>; format_string<T ...> = basic_format_string<char, std::chrono::duration<long long int, std::ratio<1, 3> > >]’
 1842 |   return {args...};
      |                  ^
/home/fmt/test/chrono-test.cc:818:3:   required from here
  818 |   EXPECT_EQ(fmt::format("{:%S}",
      |             ~~~~~~~~~~~^~~~~~~~~
  819 |                         std::chrono::duration<long long, std::ratio<1, 3>>(1)),
      |                         ~~~~~~~~~~~~~~~~~~~~~~~~~~~~~~~~~~~~~~~~~~~~~~~~~~~~~~
/home/fmt/include/fmt/chrono.h:1688:19: error: cannot resolve overloaded function ‘get_units’ based on conversion to type ‘const char*’
 1688 |   if (const char* unit = get_units<Period>)
      |                   ^~~~
/home/fmt/include/fmt/chrono.h: In instantiation of ‘OutputIt fmt::v10::detail::format_duration_unit(OutputIt) [with Char = char; Period = std::ratio<1, 7>; OutputIt = std::back_insert_iterator<fmt::v10::basic_memory_buffer<char> >]’:
/home/fmt/include/fmt/chrono.h:2056:49:   required from ‘decltype (ctx.out()) fmt::v10::formatter<std::chrono::duration<_Rep1, _Period1>, Char>::format(std::chrono::duration<_Rep1, _Period1>, FormatContext&) const [with FormatContext = fmt::v10::basic_format_context<fmt::v10::appender, char>; Rep = long long int; Period = std::ratio<1, 7>; Char = char; decltype (ctx.out()) = fmt::v10::appender]’
 2056 |       detail::format_duration_unit<Char, Period>(out);
      |       ~~~~~~~~~~~~~~~~~~~~~~~~~~~~~~~~~~~~~~~~~~^~~~~
/home/fmt/include/fmt/core.h:1322:28:   required from ‘static void fmt::v10::detail::value<Context>::format_custom_arg(void*, typename Context::parse_context_type&, Context&) [with T = std::chrono::duration<long long int, std::ratio<1, 7> >; Formatter = fmt::v10::formatter<std::chrono::duration<long long int, std::ratio<1, 7> >, char, void>; Context = fmt::v10::basic_format_context<fmt::v10::appender, char>; typename Context::parse_context_type = fmt::v10::basic_format_parse_context<char>]’
 1322 |     ctx.advance_to(f.format(*static_cast<qualified_type*>(arg), ctx));
      |                    ~~~~~~~~^~~~~~~~~~~~~~~~~~~~~~~~~~~~~~~~~~~~~~~~~
/home/fmt/include/fmt/core.h:1304:19:   required from ‘fmt::v10::detail::value<Context>::value(T&) [with T = std::chrono::duration<long long int, std::ratio<1, 7> >; Context = fmt::v10::basic_format_context<fmt::v10::appender, char>]’
 1304 |     custom.format = format_custom_arg<
      |     ~~~~~~~~~~~~~~^~~~~~~~~~~~~~~~~~~~
 1305 |         value_type, typename Context::template formatter_type<value_type>>;
      |         ~~~~~~~~~~~~~~~~~~~~~~~~~~~~~~~~~~~~~~~~~~~~~~~~~~~~~~~~~~~~~~~~~~
/home/fmt/include/fmt/core.h:1599:41:   required from ‘constexpr fmt::v10::detail::value<Context> fmt::v10::detail::make_arg(T&) [with bool PACKED = true; Context = fmt::v10::basic_format_context<fmt::v10::appender, char>; T = std::chrono::duration<long long int, std::ratio<1, 7> >; typename std::enable_if<PACKED, int>::type <anonymous> = 0]’
 1599 |   return {arg_mapper<Context>().map(val)};
      |                                         ^
/home/fmt/include/fmt/core.h:1824:51:   required from ‘constexpr fmt::v10::format_arg_store<Context, Args>::format_arg_store(T& ...) [with T = {std::chrono::duration<long long int, std::ratio<1, 7> >}; Context = fmt::v10::basic_format_context<fmt::v10::appender, char>; Args = {std::chrono::duration<long long int, std::ratio<1, 7> >}]’
 1824 |         data_{detail::make_arg<is_packed, Context>(args)...} {
      |               ~~~~~~~~~~~~~~~~~~~~~~~~~~~~~~~~~~~~^~~~~~
/home/fmt/include/fmt/core.h:1842:18:   required from ‘std::string fmt::v10::format(format_string<T ...>, T&& ...) [with T = {std::chrono::duration<long long int, std::ratio<1, 7> >}; std::string = std::__cxx11::basic_string<char>; format_string<T ...> = basic_format_string<char, std::chrono::duration<long long int, std::ratio<1, 7> > >]’
 1842 |   return {args...};
      |                  ^
/home/fmt/test/chrono-test.cc:821:3:   required from here
  821 |   EXPECT_EQ(fmt::format("{:%S}",
      |             ~~~~~~~~~~~^~~~~~~~~
  822 |                         std::chrono::duration<long long, std::ratio<1, 7>>(1)),
      |                         ~~~~~~~~~~~~~~~~~~~~~~~~~~~~~~~~~~~~~~~~~~~~~~~~~~~~~~
/home/fmt/include/fmt/chrono.h:1688:19: error: cannot resolve overloaded function ‘get_units’ based on conversion to type ‘const char*’
 1688 |   if (const char* unit = get_units<Period>)
      |                   ^~~~
gmake[2]: *** [test/CMakeFiles/chrono-test.dir/build.make:76: test/CMakeFiles/chrono-test.dir/chrono-test.cc.o] Error 1
gmake[1]: *** [CMakeFiles/Makefile2:286: test/CMakeFiles/chrono-test.dir/all] Error 2
gmake: *** [Makefile:166: all] Error 2

--- failing test details ---
Internal ctest changing into directory: /home/fmt/build
Test project /home/fmt/build
      Start  1: args-test
 1/20 Test  #1: args-test ........................   Passed    0.00 sec
      Start  2: assert-test
 2/20 Test  #2: assert-test ......................   Passed    0.00 sec
      Start  3: chrono-test
Could not find executable /home/fmt/build/bin/chrono-test
Looked in the following places:
/home/fmt/build/bin/chrono-test
/home/fmt/build/bin/chrono-test
/home/fmt/build/bin/Release/chrono-test
/home/fmt/build/bin/Release/chrono-test
/home/fmt/build/bin/Debug/chrono-test
/home/fmt/build/bin/Debug/chrono-test
/home/fmt/build/bin/MinSizeRel/chrono-test
/home/fmt/build/bin/MinSizeRel/chrono-test
/home/fmt/build/bin/RelWithDebInfo/chrono-test
/home/fmt/build/bin/RelWithDebInfo/chrono-test
/home/fmt/build/bin/Deployment/chrono-test
/home/fmt/build/bin/Deployment/chrono-test
/home/fmt/build/bin/Development/chrono-test
/home/fmt/build/bin/Development/chrono-test
home/fmt/build/bin/chrono-test
home/fmt/build/bin/chrono-test
home/fmt/build/bin/Release/chrono-test
home/fmt/build/bin/Release/chrono-test
home/fmt/build/bin/Debug/chrono-test
home/fmt/build/bin/Debug/chrono-test
home/fmt/build/bin/MinSizeRel/chrono-test
home/fmt/build/bin/MinSizeRel/chrono-test
home/fmt/build/bin/RelWithDebInfo/chrono-test
home/fmt/build/bin/RelWithDebInfo/chrono-test
home/fmt/build/bin/Deployment/chrono-test
home/fmt/build/bin/Deployment/chrono-test
home/fmt/build/bin/Development/chrono-test
home/fmt/build/bin/Development/chrono-test
 3/20 Test  #3: chrono-test ......................***Not Run   0.00 sec
Unable to find executable: /home/fmt/build/bin/chrono-test
      Start  4: color-test
Could not find executable /home/fmt/build/bin/color-test
Looked in the following places:
/home/fmt/build/bin/color-test
/home/fmt/build/bin/color-test
/home/fmt/build/bin/Release/color-test
/home/fmt/build/bin/Release/color-test
/home/fmt/build/bin/Debug/color-test
/home/fmt/build/bin/Debug/color-test
/home/fmt/build/bin/MinSizeRel/color-test
/home/fmt/build/bin/MinSizeRel/color-test
/home/fmt/build/bin/RelWithDebInfo/color-test
/home/fmt/build/bin/RelWithDebInfo/color-test
/home/fmt/build/bin/Deployment/color-test
/home/fmt/build/bin/Deployment/color-test
/home/fmt/build/bin/Development/color-test
/home/fmt/build/bin/Development/color-test
home/fmt/build/bin/color-test
home/fmt/build/bin/color-test
home/fmt/build/bin/Release/color-test
home/fmt/build/bin/Release/color-test
home/fmt/build/bin/Debug/color-test
home/fmt/build/bin/Debug/color-test
home/fmt/build/bin/MinSizeRel/color-test
home/fmt/build/bin/MinSizeRel/color-test
home/fmt/build/bin/RelWithDebInfo/color-test
home/fmt/build/bin/RelWithDebInfo/color-test
home/fmt/build/bin/Deployment/color-test
home/fmt/build/bin/Deployment/color-test
home/fmt/build/bin/Development/color-test
home/fmt/build/bin/Development/color-test
 4/20 Test  #4: color-test .......................***Not Run   0.00 sec
Unable to find executable: /home/fmt/build/bin/color-test
      Start  5: core-test
Could not find executable /home/fmt/build/bin/core-test
Looked in the following places:
/home/fmt/build/bin/core-test
/home/fmt/build/bin/core-test
/home/fmt/build/bin/Release/core-test
/home/fmt/build/bin/Release/core-test
/home/fmt/build/bin/Debug/core-test
/home/fmt/build/bin/Debug/core-test
/home/fmt/build/bin/MinSizeRel/core-test
/home/fmt/build/bin/MinSizeRel/core-test
/home/fmt/build/bin/RelWithDebInfo/core-test
/home/fmt/build/bin/RelWithDebInfo/core-test
/home/fmt/build/bin/Deployment/core-test
/home/fmt/build/bin/Deployment/core-test
/home/fmt/build/bin/Development/core-test
/home/fmt/build/bin/Development/core-test
home/fmt/build/bin/core-test
home/fmt/build/bin/core-test
home/fmt/build/bin/Release/core-test
home/fmt/build/bin/Release/core-test
home/fmt/build/bin/Debug/core-test
home/fmt/build/bin/Debug/core-test
home/fmt/build/bin/MinSizeRel/core-test
home/fmt/build/bin/MinSizeRel/core-test
home/fmt/build/bin/RelWithDebInfo/core-test
home/fmt/build/bin/RelWithDebInfo/core-test
home/fmt/build/bin/Deployment/core-test
home/fmt/build/bin/Deployment/core-test
home/fmt/build/bin/Development/core-test
home/fmt/build/bin/Development/core-test
 5/20 Test  #5: core-test ........................***Not Run   0.00 sec
      Start  6: gtest-extra-test
Unable to find executable: /home/fmt/build/bin/core-test
Could not find executable /home/fmt/build/bin/gtest-extra-test
Looked in the following places:
/home/fmt/build/bin/gtest-extra-test
/home/fmt/build/bin/gtest-extra-test
/home/fmt/build/bin/Release/gtest-extra-test
/home/fmt/build/bin/Release/gtest-extra-test
/home/fmt/build/bin/Debug/gtest-extra-test
/home/fmt/build/bin/Debug/gtest-extra-test
/home/fmt/build/bin/MinSizeRel/gtest-extra-test
/home/fmt/build/bin/MinSizeRel/gtest-extra-test
/home/fmt/build/bin/RelWithDebInfo/gtest-extra-test
/home/fmt/build/bin/RelWithDebInfo/gtest-extra-test
/home/fmt/build/bin/Deployment/gtest-extra-test
/home/fmt/build/bin/Deployment/gtest-extra-test
/home/fmt/build/bin/Development/gtest-extra-test
/home/fmt/build/bin/Development/gtest-extra-test
home/fmt/build/bin/gtest-extra-test
home/fmt/build/bin/gtest-extra-test
home/fmt/build/bin/Release/gtest-extra-test
home/fmt/build/bin/Release/gtest-extra-test
home/fmt/build/bin/Debug/gtest-extra-test
home/fmt/build/bin/Debug/gtest-extra-test
home/fmt/build/bin/MinSizeRel/gtest-extra-test
home/fmt/build/bin/MinSizeRel/gtest-extra-test
home/fmt/build/bin/RelWithDebInfo/gtest-extra-test
home/fmt/build/bin/RelWithDebInfo/gtest-extra-test
home/fmt/build/bin/Deployment/gtest-extra-test
home/fmt/build/bin/Deployment/gtest-extra-test
home/fmt/build/bin/Development/gtest-extra-test
home/fmt/build/bin/Development/gtest-extra-test
 6/20 Test  #6: gtest-extra-test .................***Not Run   0.00 sec
Unable to find executable: /home/fmt/build/bin/gtest-extra-test
      Start  7: format-test
Could not find executable /home/fmt/build/bin/format-test
Looked in the following places:
/home/fmt/build/bin/format-test
/home/fmt/build/bin/format-test
/home/fmt/build/bin/Release/format-test
/home/fmt/build/bin/Release/format-test
/home/fmt/build/bin/Debug/format-test
/home/fmt/build/bin/Debug/format-test
/home/fmt/build/bin/MinSizeRel/format-test
/home/fmt/build/bin/MinSizeRel/format-test
/home/fmt/build/bin/RelWithDebInfo/format-test
/home/fmt/build/bin/RelWithDebInfo/format-test
/home/fmt/build/bin/Deployment/format-test
/home/fmt/build/bin/Deployment/format-test
/home/fmt/build/bin/Development/format-test
/home/fmt/build/bin/Development/format-test
home/fmt/build/bin/format-test
home/fmt/build/bin/format-test
home/fmt/build/bin/Release/format-test
home/fmt/build/bin/Release/format-test
home/fmt/build/bin/Debug/format-test
home/fmt/build/bin/Debug/format-test
home/fmt/build/bin/MinSizeRel/format-test
home/fmt/build/bin/MinSizeRel/format-test
home/fmt/build/bin/RelWithDebInfo/format-test
home/fmt/build/bin/RelWithDebInfo/format-test
home/fmt/build/bin/Deployment/format-test
home/fmt/build/bin/Deployment/format-test
home/fmt/build/bin/Development/format-test
home/fmt/build/bin/Development/format-test
 7/20 Test  #7: format-test ......................***Not Run   0.00 sec
Unable to find executable: /home/fmt/build/bin/format-test
      Start  8: format-impl-test
Could not find executable /home/fmt/build/bin/format-impl-test
Looked in the following places:
/home/fmt/build/bin/format-impl-test
/home/fmt/build/bin/format-impl-test
/home/fmt/build/bin/Release/format-impl-test
/home/fmt/build/bin/Release/format-impl-test
/home/fmt/build/bin/Debug/format-impl-test
/home/fmt/build/bin/Debug/format-impl-test
/home/fmt/build/bin/MinSizeRel/format-impl-test
/home/fmt/build/bin/MinSizeRel/format-impl-test
/home/fmt/build/bin/RelWithDebInfo/format-impl-test
/home/fmt/build/bin/RelWithDebInfo/format-impl-test
/home/fmt/build/bin/Deployment/format-impl-test
/home/fmt/build/bin/Deployment/format-impl-test
/home/fmt/build/bin/Development/format-impl-test
/home/fmt/build/bin/Development/format-impl-test
home/fmt/build/bin/format-impl-test
home/fmt/build/bin/format-impl-test
home/fmt/build/bin/Release/format-impl-test
home/fmt/build/bin/Release/format-impl-test
home/fmt/build/bin/Debug/format-impl-test
home/fmt/build/bin/Debug/format-impl-test
home/fmt/build/bin/MinSizeRel/format-impl-test
home/fmt/build/bin/MinSizeRel/format-impl-test
home/fmt/build/bin/RelWithDebInfo/format-impl-test
home/fmt/build/bin/RelWithDebInfo/format-impl-test
home/fmt/build/bin/Deployment/format-impl-test
home/fmt/build/bin/Deployment/format-impl-test
home/fmt/build/bin/Development/format-impl-test
home/fmt/build/bin/Development/format-impl-test
 8/20 Test  #8: format-impl-test .................***Not Run   0.00 sec
Unable to find executable: /home/fmt/build/bin/format-impl-test
      Start  9: ostream-test
Unable to find executable: /home/fmt/build/bin/ostream-test
Could not find executable /home/fmt/build/bin/ostream-test
Looked in the following places:
/home/fmt/build/bin/ostream-test
/home/fmt/build/bin/ostream-test
/home/fmt/build/bin/Release/ostream-test
/home/fmt/build/bin/Release/ostream-test
/home/fmt/build/bin/Debug/ostream-test
/home/fmt/build/bin/Debug/ostream-test
/home/fmt/build/bin/MinSizeRel/ostream-test
/home/fmt/build/bin/MinSizeRel/ostream-test
/home/fmt/build/bin/RelWithDebInfo/ostream-test
/home/fmt/build/bin/RelWithDebInfo/ostream-test
/home/fmt/build/bin/Deployment/ostream-test
/home/fmt/build/bin/Deployment/ostream-test
/home/fmt/build/bin/Development/ostream-test
/home/fmt/build/bin/Development/ostream-test
home/fmt/build/bin/ostream-test
home/fmt/build/bin/ostream-test
home/fmt/build/bin/Release/ostream-test
home/fmt/build/bin/Release/ostream-test
home/fmt/build/bin/Debug/ostream-test
home/fmt/build/bin/Debug/ostream-test
home/fmt/build/bin/MinSizeRel/ostream-test
home/fmt/build/bin/MinSizeRel/ostream-test
home/fmt/build/bin/RelWithDebInfo/ostream-test
home/fmt/build/bin/RelWithDebInfo/ostream-test
home/fmt/build/bin/Deployment/ostream-test
home/fmt/build/bin/Deployment/ostream-test
home/fmt/build/bin/Development/ostream-test
home/fmt/build/bin/Development/ostream-test
 9/20 Test  #9: ostream-test .....................***Not Run   0.00 sec
      Start 10: compile-test
Unable to find executable: /home/fmt/build/bin/compile-test
Could not find executable /home/fmt/build/bin/compile-test
Looked in the following places:
/home/fmt/build/bin/compile-test
/home/fmt/build/bin/compile-test
/home/fmt/build/bin/Release/compile-test
/home/fmt/build/bin/Release/compile-test
/home/fmt/build/bin/Debug/compile-test
/home/fmt/build/bin/Debug/compile-test
/home/fmt/build/bin/MinSizeRel/compile-test
/home/fmt/build/bin/MinSizeRel/compile-test
/home/fmt/build/bin/RelWithDebInfo/compile-test
/home/fmt/build/bin/RelWithDebInfo/compile-test
/home/fmt/build/bin/Deployment/compile-test
/home/fmt/build/bin/Deployment/compile-test
/home/fmt/build/bin/Development/compile-test
/home/fmt/build/bin/Development/compile-test
home/fmt/build/bin/compile-test
home/fmt/build/bin/compile-test
home/fmt/build/bin/Release/compile-test
home/fmt/build/bin/Release/compile-test
home/fmt/build/bin/Debug/compile-test
home/fmt/build/bin/Debug/compile-test
home/fmt/build/bin/MinSizeRel/compile-test
home/fmt/build/bin/MinSizeRel/compile-test
home/fmt/build/bin/RelWithDebInfo/compile-test
home/fmt/build/bin/RelWithDebInfo/compile-test
home/fmt/build/bin/Deployment/compile-test
home/fmt/build/bin/Deployment/compile-test
home/fmt/build/bin/Development/compile-test
home/fmt/build/bin/Development/compile-test
10/20 Test #10: compile-test .....................***Not Run   0.00 sec
      Start 11: compile-fp-test
Could not find executable /home/fmt/build/bin/compile-fp-test
Looked in the following places:
/home/fmt/build/bin/compile-fp-test
/home/fmt/build/bin/compile-fp-test
/home/fmt/build/bin/Release/compile-fp-test
/home/fmt/build/bin/Release/compile-fp-test
/home/fmt/build/bin/Debug/compile-fp-test
/home/fmt/build/bin/Debug/compile-fp-test
/home/fmt/build/bin/MinSizeRel/compile-fp-test
/home/fmt/build/bin/MinSizeRel/compile-fp-test
/home/fmt/build/bin/RelWithDebInfo/compile-fp-test
/home/fmt/build/bin/RelWithDebInfo/compile-fp-test
/home/fmt/build/bin/Deployment/compile-fp-test
/home/fmt/build/bin/Deployment/compile-fp-test
/home/fmt/build/bin/Development/compile-fp-test
/home/fmt/build/bin/Development/compile-fp-test
home/fmt/build/bin/compile-fp-test
home/fmt/build/bin/compile-fp-test
home/fmt/build/bin/Release/compile-fp-test
home/fmt/build/bin/Release/compile-fp-test
home/fmt/build/bin/Debug/compile-fp-test
home/fmt/build/bin/Debug/compile-fp-test
home/fmt/build/bin/MinSizeRel/compile-fp-test
home/fmt/build/bin/MinSizeRel/compile-fp-test
home/fmt/build/bin/RelWithDebInfo/compile-fp-test
home/fmt/build/bin/RelWithDebInfo/compile-fp-test
home/fmt/build/bin/Deployment/compile-fp-test
home/fmt/build/bin/Deployment/compile-fp-test
home/fmt/build/bin/Development/compile-fp-test
home/fmt/build/bin/Development/compile-fp-test
11/20 Test #11: compile-fp-test ..................***Not Run   0.00 sec
Unable to find executable: /home/fmt/build/bin/compile-fp-test
      Start 12: printf-test
Could not find executable /home/fmt/build/bin/printf-test
Looked in the following places:
/home/fmt/build/bin/printf-test
/home/fmt/build/bin/printf-test
/home/fmt/build/bin/Release/printf-test
/home/fmt/build/bin/Release/printf-test
/home/fmt/build/bin/Debug/printf-test
/home/fmt/build/bin/Debug/printf-test
/home/fmt/build/bin/MinSizeRel/printf-test
/home/fmt/build/bin/MinSizeRel/printf-test
/home/fmt/build/bin/RelWithDebInfo/printf-test
/home/fmt/build/bin/RelWithDebInfo/printf-test
/home/fmt/build/bin/Deployment/printf-test
/home/fmt/build/bin/Deployment/printf-test
/home/fmt/build/bin/Development/printf-test
/home/fmt/build/bin/Development/printf-test
home/fmt/build/bin/printf-test
home/fmt/build/bin/printf-test
home/fmt/build/bin/Release/printf-test
home/fmt/build/bin/Release/printf-test
home/fmt/build/bin/Debug/printf-test
home/fmt/build/bin/Debug/printf-test
home/fmt/build/bin/MinSizeRel/printf-test
home/fmt/build/bin/MinSizeRel/printf-test
home/fmt/build/bin/RelWithDebInfo/printf-test
home/fmt/build/bin/RelWithDebInfo/printf-test
home/fmt/build/bin/Deployment/printf-test
home/fmt/build/bin/Deployment/printf-test
home/fmt/build/bin/Development/printf-test
home/fmt/build/bin/Development/printf-test
12/20 Test #12: printf-test ......................***Not Run   0.00 sec
Unable to find executable: /home/fmt/build/bin/printf-test
      Start 13: ranges-test
Could not find executable /home/fmt/build/bin/ranges-test
Looked in the following places:
/home/fmt/build/bin/ranges-test
/home/fmt/build/bin/ranges-test
/home/fmt/build/bin/Release/ranges-test
/home/fmt/build/bin/Release/ranges-test
/home/fmt/build/bin/Debug/ranges-test
/home/fmt/build/bin/Debug/ranges-test
/home/fmt/build/bin/MinSizeRel/ranges-test
/home/fmt/build/bin/MinSizeRel/ranges-test
/home/fmt/build/bin/RelWithDebInfo/ranges-test
/home/fmt/build/bin/RelWithDebInfo/ranges-test
/home/fmt/build/bin/Deployment/ranges-test
/home/fmt/build/bin/Deployment/ranges-test
/home/fmt/build/bin/Development/ranges-test
/home/fmt/build/bin/Development/ranges-test
home/fmt/build/bin/ranges-test
home/fmt/build/bin/ranges-test
home/fmt/build/bin/Release/ranges-test
home/fmt/build/bin/Release/ranges-test
home/fmt/build/bin/Debug/ranges-test
home/fmt/build/bin/Debug/ranges-test
home/fmt/build/bin/MinSizeRel/ranges-test
home/fmt/build/bin/MinSizeRel/ranges-test
home/fmt/build/bin/RelWithDebInfo/ranges-test
home/fmt/build/bin/RelWithDebInfo/ranges-test
home/fmt/build/bin/Deployment/ranges-test
home/fmt/build/bin/Deployment/ranges-test
home/fmt/build/bin/Development/ranges-test
home/fmt/build/bin/Development/ranges-test
13/20 Test #13: ranges-test ......................***Not Run   0.00 sec
Unable to find executable: /home/fmt/build/bin/ranges-test
      Start 14: scan-test
Could not find executable /home/fmt/build/bin/scan-test
Looked in the following places:
/home/fmt/build/bin/scan-test
/home/fmt/build/bin/scan-test
/home/fmt/build/bin/Release/scan-test
/home/fmt/build/bin/Release/scan-test
/home/fmt/build/bin/Debug/scan-test
/home/fmt/build/bin/Debug/scan-test
/home/fmt/build/bin/MinSizeRel/scan-test
/home/fmt/build/bin/MinSizeRel/scan-test
/home/fmt/build/bin/RelWithDebInfo/scan-test
/home/fmt/build/bin/RelWithDebInfo/scan-test
/home/fmt/build/bin/Deployment/scan-test
/home/fmt/build/bin/Deployment/scan-test
/home/fmt/build/bin/Development/scan-test
/home/fmt/build/bin/Development/scan-test
home/fmt/build/bin/scan-test
home/fmt/build/bin/scan-test
home/fmt/build/bin/Release/scan-test
home/fmt/build/bin/Release/scan-test
home/fmt/build/bin/Debug/scan-test
home/fmt/build/bin/Debug/scan-test
home/fmt/build/bin/MinSizeRel/scan-test
home/fmt/build/bin/MinSizeRel/scan-test
home/fmt/build/bin/RelWithDebInfo/scan-test
home/fmt/build/bin/RelWithDebInfo/scan-test
home/fmt/build/bin/Deployment/scan-test
home/fmt/build/bin/Deployment/scan-test
home/fmt/build/bin/Development/scan-test
home/fmt/build/bin/Development/scan-test
14/20 Test #14: scan-test ........................***Not Run   0.00 sec
      Start 15: std-test
Could not find executable /home/fmt/build/bin/std-test
Looked in the following places:
/home/fmt/build/bin/std-test
/home/fmt/build/bin/std-test
/home/fmt/build/bin/Release/std-test
/home/fmt/build/bin/Release/std-test
/home/fmt/build/bin/Debug/std-test
/home/fmt/build/bin/Debug/std-test
/home/fmt/build/bin/MinSizeRel/std-test
/home/fmt/build/bin/MinSizeRel/std-test
/home/fmt/build/bin/RelWithDebInfo/std-test
/home/fmt/build/bin/RelWithDebInfo/std-test
/home/fmt/build/bin/Deployment/std-test
/home/fmt/build/bin/Deployment/std-test
/home/fmt/build/bin/Development/std-test
/home/fmt/build/bin/Development/std-test
home/fmt/build/bin/std-test
home/fmt/build/bin/std-test
home/fmt/build/bin/Release/std-test
home/fmt/build/bin/Release/std-test
home/fmt/build/bin/Debug/std-test
home/fmt/build/bin/Debug/std-test
Unable to find executable: /home/fmt/build/bin/scan-test
home/fmt/build/bin/MinSizeRel/std-test
home/fmt/build/bin/MinSizeRel/std-test
home/fmt/build/bin/RelWithDebInfo/std-test
home/fmt/build/bin/RelWithDebInfo/std-test
home/fmt/build/bin/Deployment/std-test
home/fmt/build/bin/Deployment/std-test
home/fmt/build/bin/Development/std-test
home/fmt/build/bin/Development/std-test
15/20 Test #15: std-test .........................***Not Run   0.00 sec
Unable to find executable: /home/fmt/build/bin/std-test
      Start 16: unicode-test
Could not find executable /home/fmt/build/bin/unicode-test
Looked in the following places:
/home/fmt/build/bin/unicode-test
/home/fmt/build/bin/unicode-test
/home/fmt/build/bin/Release/unicode-test
/home/fmt/build/bin/Release/unicode-test
/home/fmt/build/bin/Debug/unicode-test
/home/fmt/build/bin/Debug/unicode-test
/home/fmt/build/bin/MinSizeRel/unicode-test
/home/fmt/build/bin/MinSizeRel/unicode-test
/home/fmt/build/bin/RelWithDebInfo/unicode-test
/home/fmt/build/bin/RelWithDebInfo/unicode-test
/home/fmt/build/bin/Deployment/unicode-test
/home/fmt/build/bin/Deployment/unicode-test
/home/fmt/build/bin/Development/unicode-test
/home/fmt/build/bin/Development/unicode-test
home/fmt/build/bin/unicode-test
home/fmt/build/bin/unicode-test
home/fmt/build/bin/Release/unicode-test
home/fmt/build/bin/Release/unicode-test
home/fmt/build/bin/Debug/unicode-test
home/fmt/build/bin/Debug/unicode-test
home/fmt/build/bin/MinSizeRel/unicode-test
home/fmt/build/bin/MinSizeRel/unicode-test
home/fmt/build/bin/RelWithDebInfo/unicode-test
home/fmt/build/bin/RelWithDebInfo/unicode-test
home/fmt/build/bin/Deployment/unicode-test
home/fmt/build/bin/Deployment/unicode-test
home/fmt/build/bin/Development/unicode-test
home/fmt/build/bin/Development/unicode-test
Unable to find executable: /home/fmt/build/bin/unicode-test
16/20 Test #16: unicode-test .....................***Not Run   0.00 sec
      Start 17: xchar-test
Could not find executable /home/fmt/build/bin/xchar-test
Looked in the following places:
/home/fmt/build/bin/xchar-test
/home/fmt/build/bin/xchar-test
/home/fmt/build/bin/Release/xchar-test
/home/fmt/build/bin/Release/xchar-test
/home/fmt/build/bin/Debug/xchar-test
/home/fmt/build/bin/Debug/xchar-test
/home/fmt/build/bin/MinSizeRel/xchar-test
/home/fmt/build/bin/MinSizeRel/xchar-test
/home/fmt/build/bin/RelWithDebInfo/xchar-test
/home/fmt/build/bin/RelWithDebInfo/xchar-test
/home/fmt/build/bin/Deployment/xchar-test
/home/fmt/build/bin/Deployment/xchar-test
/home/fmt/build/bin/Development/xchar-test
/home/fmt/build/bin/Development/xchar-test
home/fmt/build/bin/xchar-test
home/fmt/build/bin/xchar-test
home/fmt/build/bin/Release/xchar-test
home/fmt/build/bin/Release/xchar-test
home/fmt/build/bin/Debug/xchar-test
home/fmt/build/bin/Debug/xchar-test
home/fmt/build/bin/MinSizeRel/xchar-test
home/fmt/build/bin/MinSizeRel/xchar-test
home/fmt/build/bin/RelWithDebInfo/xchar-test
home/fmt/build/bin/RelWithDebInfo/xchar-test
home/fmt/build/bin/Deployment/xchar-test
home/fmt/build/bin/Deployment/xchar-test
home/fmt/build/bin/Development/xchar-test
home/fmt/build/bin/Development/xchar-test
Unable to find executable: /home/fmt/build/bin/xchar-test
17/20 Test #17: xchar-test .......................***Not Run   0.00 sec
      Start 18: enforce-checks-test
Unable to find executable: /home/fmt/build/bin/enforce-checks-test
Could not find executable /home/fmt/build/bin/enforce-checks-test
Looked in the following places:
/home/fmt/build/bin/enforce-checks-test
/home/fmt/build/bin/enforce-checks-test
/home/fmt/build/bin/Release/enforce-checks-test
/home/fmt/build/bin/Release/enforce-checks-test
/home/fmt/build/bin/Debug/enforce-checks-test
/home/fmt/build/bin/Debug/enforce-checks-test
/home/fmt/build/bin/MinSizeRel/enforce-checks-test
/home/fmt/build/bin/MinSizeRel/enforce-checks-test
/home/fmt/build/bin/RelWithDebInfo/enforce-checks-test
/home/fmt/build/bin/RelWithDebInfo/enforce-checks-test
/home/fmt/build/bin/Deployment/enforce-checks-test
/home/fmt/build/bin/Deployment/enforce-checks-test
/home/fmt/build/bin/Development/enforce-checks-test
/home/fmt/build/bin/Development/enforce-checks-test
home/fmt/build/bin/enforce-checks-test
home/fmt/build/bin/enforce-checks-test
home/fmt/build/bin/Release/enforce-checks-test
home/fmt/build/bin/Release/enforce-checks-test
home/fmt/build/bin/Debug/enforce-checks-test
home/fmt/build/bin/Debug/enforce-checks-test
home/fmt/build/bin/MinSizeRel/enforce-checks-test
home/fmt/build/bin/MinSizeRel/enforce-checks-test
home/fmt/build/bin/RelWithDebInfo/enforce-checks-test
home/fmt/build/bin/RelWithDebInfo/enforce-checks-test
home/fmt/build/bin/Deployment/enforce-checks-test
home/fmt/build/bin/Deployment/enforce-checks-test
home/fmt/build/bin/Development/enforce-checks-test
home/fmt/build/bin/Development/enforce-checks-test
18/20 Test #18: enforce-checks-test ..............***Not Run   0.00 sec
      Start 19: posix-mock-test
Unable to find executable: /home/fmt/build/bin/posix-mock-test
Could not find executable /home/fmt/build/bin/posix-mock-test
Looked in the following places:
/home/fmt/build/bin/posix-mock-test
/home/fmt/build/bin/posix-mock-test
/home/fmt/build/bin/Release/posix-mock-test
/home/fmt/build/bin/Release/posix-mock-test
/home/fmt/build/bin/Debug/posix-mock-test
/home/fmt/build/bin/Debug/posix-mock-test
/home/fmt/build/bin/MinSizeRel/posix-mock-test
/home/fmt/build/bin/MinSizeRel/posix-mock-test
/home/fmt/build/bin/RelWithDebInfo/posix-mock-test
/home/fmt/build/bin/RelWithDebInfo/posix-mock-test
/home/fmt/build/bin/Deployment/posix-mock-test
/home/fmt/build/bin/Deployment/posix-mock-test
/home/fmt/build/bin/Development/posix-mock-test
/home/fmt/build/bin/Development/posix-mock-test
home/fmt/build/bin/posix-mock-test
home/fmt/build/bin/posix-mock-test
home/fmt/build/bin/Release/posix-mock-test
home/fmt/build/bin/Release/posix-mock-test
home/fmt/build/bin/Debug/posix-mock-test
home/fmt/build/bin/Debug/posix-mock-test
home/fmt/build/bin/MinSizeRel/posix-mock-test
home/fmt/build/bin/MinSizeRel/posix-mock-test
home/fmt/build/bin/RelWithDebInfo/posix-mock-test
home/fmt/build/bin/RelWithDebInfo/posix-mock-test
home/fmt/build/bin/Deployment/posix-mock-test
home/fmt/build/bin/Deployment/posix-mock-test
home/fmt/build/bin/Development/posix-mock-test
home/fmt/build/bin/Development/posix-mock-test
19/20 Test #19: posix-mock-test ..................***Not Run   0.00 sec
      Start 20: os-test
Unable to find executable: /home/fmt/build/bin/os-test
Could not find executable /home/fmt/build/bin/os-test
Looked in the following places:
/home/fmt/build/bin/os-test
/home/fmt/build/bin/os-test
/home/fmt/build/bin/Release/os-test
/home/fmt/build/bin/Release/os-test
/home/fmt/build/bin/Debug/os-test
/home/fmt/build/bin/Debug/os-test
/home/fmt/build/bin/MinSizeRel/os-test
/home/fmt/build/bin/MinSizeRel/os-test
/home/fmt/build/bin/RelWithDebInfo/os-test
/home/fmt/build/bin/RelWithDebInfo/os-test
/home/fmt/build/bin/Deployment/os-test
/home/fmt/build/bin/Deployment/os-test
/home/fmt/build/bin/Development/os-test
/home/fmt/build/bin/Development/os-test
home/fmt/build/bin/os-test
home/fmt/build/bin/os-test
home/fmt/build/bin/Release/os-test
home/fmt/build/bin/Release/os-test
home/fmt/build/bin/Debug/os-test
home/fmt/build/bin/Debug/os-test
home/fmt/build/bin/MinSizeRel/os-test
home/fmt/build/bin/MinSizeRel/os-test
home/fmt/build/bin/RelWithDebInfo/os-test
home/fmt/build/bin/RelWithDebInfo/os-test
home/fmt/build/bin/Deployment/os-test
home/fmt/build/bin/Deployment/os-test
home/fmt/build/bin/Development/os-test
home/fmt/build/bin/Development/os-test
20/20 Test #20: os-test ..........................***Not Run   0.00 sec

10% tests passed, 18 tests failed out of 20

Total Test time (real) =   0.01 sec

The following tests FAILED:
	  3 - chrono-test (Not Run)
	  4 - color-test (Not Run)
	  5 - core-test (Not Run)
	  6 - gtest-extra-test (Not Run)
	  7 - format-test (Not Run)
	  8 - format-impl-test (Not Run)
	  9 - ostream-test (Not Run)
	 10 - compile-test (Not Run)
	 11 - compile-fp-test (Not Run)
	 12 - printf-test (Not Run)
	 13 - ranges-test (Not Run)
	 14 - scan-test (Not Run)
	 15 - std-test (Not Run)
	 16 - unicode-test (Not Run)
	 17 - xchar-test (Not Run)
	 18 - enforce-checks-test (Not Run)
	 19 - posix-mock-test (Not Run)
	 20 - os-test (Not Run)
Errors while running CTest
